0,0,0,0,0,0,0,0,0,0,0,0,0,0
0,0,0,0,0,0,0,0,0,0,0,0,0,0
0,0,0,0,0,0,0,0,0,0,0,0,0,0
-83.06,13.38,33.44,-90.69,-76.06,56.69,2,562,649,670,618,655,679,1
-83.06,13.38,33.44,-90.69,-76.06,56.69,2,604,649,670,617,655,677,2
-83.06,13.38,33.44,-90.69,-76.06,56.63,2,621,649,670,618,655,673,3
-83.06,13.38,33.44,-90.69,-76.06,56.63,2.06,629,649,670,618,655,672,4
-83.06,13.44,33.44,-90.69,-76.06,56.63,2.06,635,649,670,618,655,671,5
-83,13.44,33.44,-90.69,-76.06,56.63,2.13,638,649,670,618,656,671,6
-83,13.5,33.37,-90.69,-76.06,56.63,2.19,641,649,670,618,655,672,7
-83,13.5,33.37,-90.69,-76.06,56.63,2.25,643,649,670,618,655,673,8
-83,13.5,33.31,-90.69,-76.06,56.63,2.25,645,649,670,618,655,673,9
-83,13.5,33.31,-90.69,-76.06,56.63,2.25,647,649,670,618,655,674,10
-82.94,13.5,33.25,-90.69,-76.06,56.56,2.25,646,649,670,619,655,672,11
-82.94,13.56,33.25,-90.69,-76.06,56.56,2.25,646,649,670,619,655,670,12
-82.94,13.56,33.19,-90.69,-76.06,56.5,2.25,644,649,670,619,655,667,13
-82.94,13.56,33.19,-90.69,-76.13,56.44,2.31,642,649,671,619,655,665,14
-82.94,13.5,33.19,-90.69,-76.13,56.44,2.31,641,649,671,619,655,663,15
-82.94,13.5,33.19,-90.69,-76.13,56.37,2.31,639,650,671,619,655,660,16
-82.94,13.44,33.25,-90.69,-76.13,56.31,2.31,638,649,670,619,655,659,17
-82.94,13.44,33.25,-90.69,-76.13,56.25,2.38,637,650,671,618,655,659,18
-83,13.38,33.25,-90.69,-76.13,56.12,2.44,637,649,671,618,655,658,19
-83.06,13.31,33.31,-90.69,-76.13,56.12,2.5,635,650,671,619,655,656,20
-83.06,13.31,33.31,-90.69,-76.13,56.12,2.5,635,649,671,618,655,657,21
-83.12,13.25,33.31,-90.75,-76.13,56.19,2.56,636,649,670,618,654,658,22
-83.12,13.19,33.31,-90.75,-76.06,56.19,2.56,637,649,671,618,655,659,23
-83.12,13.19,33.37,-90.75,-76.06,56.25,2.56,637,649,671,618,655,660,24
-83.12,13.13,33.37,-90.69,-76.06,56.25,2.56,638,650,671,618,654,660,25
-83.12,13.13,33.44,-90.69,-76.06,56.31,2.56,637,649,671,618,655,658,26
-83.12,13.06,33.44,-90.75,-76.06,56.37,2.56,637,649,670,618,655,658,27
-83.06,13.06,33.5,-90.75,-76.06,56.37,2.56,637,650,671,618,655,659,28
-83.06,13,33.5,-90.75,-76.06,56.44,2.56,637,649,671,618,655,659,29
-83.06,13,33.5,-90.75,-76.06,56.5,2.56,637,649,671,618,655,659,30
-83,13,33.44,-90.75,-76.06,56.5,2.56,638,649,671,617,655,660,31
-83,13,33.44,-90.75,-76.06,56.5,2.5,640,649,670,618,655,663,32
-82.94,13,33.37,-90.75,-76.06,56.5,2.5,642,649,671,618,655,666,33
-82.87,13.06,33.37,-90.75,-76.06,56.56,2.5,644,649,671,618,655,669,34
-82.81,13.13,33.31,-90.75,-76.06,56.56,2.44,648,650,671,618,655,673,35
-82.75,13.13,33.25,-90.75,-76.06,56.5,2.44,651,649,671,618,655,676,36
-82.69,13.19,33.19,-90.75,-76.06,56.5,2.44,655,649,671,618,655,680,37
-82.62,13.25,33.12,-90.75,-76.06,56.5,2.44,657,649,671,617,654,681,38
-82.56,13.31,33.06,-90.75,-76.06,56.44,2.44,658,649,671,618,655,682,39
-82.5,13.38,33.06,-90.75,-76.06,56.44,2.5,660,649,671,618,655,683,40
-82.5,13.44,33,-90.75,-76.06,56.44,2.5,662,650,671,617,655,687,41
-82.44,13.5,33,-90.75,-76.06,56.44,2.5,666,649,670,618,655,692,42
-82.37,13.5,33,-90.75,-76.06,56.37,2.44,670,649,671,618,655,694,43
-82.25,13.56,33,-90.75,-76.06,56.37,2.38,670,649,670,617,655,691,44
-82.12,13.56,33,-90.75,-76.06,56.37,2.25,668,649,670,617,655,687,45
-81.94,13.56,33,-90.75,-76.13,56.25,2.06,660,649,670,617,655,673,46
-81.75,13.5,33,-90.75,-76.13,56.19,1.81,650,648,669,618,655,659,47
-81.56,13.44,33,-90.75,-76.13,56.12,1.63,644,649,669,618,655,656,48
-81.5,13.38,33,-90.75,-76.13,56.12,1.56,644,649,669,618,655,661,49
-81.5,13.31,33,-90.75,-76.13,56.12,1.56,646,649,669,617,655,666,50
-81.5,13.31,33,-90.75,-76.06,56.12,1.63,645,649,669,617,655,663,51
-81.5,13.31,33.06,-90.75,-76.06,56.19,1.75,641,649,669,618,655,657,52
-81.62,13.25,33.12,-90.75,-76.06,56.25,1.88,637,649,669,618,655,651,53
-81.69,13.13,33.12,-90.75,-76.06,56.25,1.94,634,649,669,617,655,651,54
-81.81,13.06,33.19,-90.75,-76.06,56.25,1.94,630,649,669,618,654,644,55
-81.94,13,33.19,-90.75,-76.06,56.19,1.94,625,650,669,618,655,639,56
-82.06,12.94,33.25,-90.75,-76.06,56.12,1.81,620,649,669,617,655,634,57
-82.19,12.88,33.31,-90.75,-76.06,56.06,1.75,618,649,669,617,655,633,58
-82.31,12.81,33.37,-90.75,-76.06,56.06,1.69,614,649,669,617,655,629,59
-82.31,12.75,33.44,-90.75,-76.06,56,1.69,614,650,669,617,655,631,60
-82.37,12.75,33.44,-90.75,-76.06,55.94,1.69,616,649,669,617,655,638,61
-82.44,12.75,33.44,-90.75,-76.06,56,1.69,619,649,670,618,655,642,62
-82.44,12.69,33.5,-90.75,-76.06,56.12,1.75,623,649,670,617,655,646,63
-82.5,12.69,33.44,-90.75,-76,56.19,1.81,623,649,670,617,655,644,64
-82.5,12.75,33.37,-90.75,-76,56.25,1.81,622,649,670,617,655,640,65
-82.5,12.75,33.37,-90.75,-76,56.31,1.81,619,649,670,618,655,635,66
-82.5,12.75,33.31,-90.75,-76,56.31,1.81,613,649,670,617,655,628,67
-82.5,12.75,33.25,-90.75,-76,56.25,1.63,610,650,670,617,655,625,68
-82.56,12.75,33.19,-90.75,-76.06,56.19,1.5,609,649,670,617,655,626,69
-82.56,12.75,33.12,-90.75,-76.06,56.06,1.38,613,649,669,617,655,634,70
-82.62,12.75,33.12,-90.75,-76.06,56,1.25,618,649,670,618,655,643,71
-82.69,12.75,33.06,-90.75,-76.06,55.94,1.19,626,649,669,617,655,654,72
-82.69,12.81,33,-90.75,-76.13,55.94,1.19,631,649,669,617,655,657,73
-82.75,12.88,33,-90.75,-76.06,55.88,1.25,634,649,669,617,655,658,74
-82.75,12.88,33,-90.75,-76.13,55.81,1.38,637,649,669,617,655,660,75
-82.81,12.88,33,-90.75,-76.13,55.81,1.44,637,649,669,617,655,659,76
-82.87,12.88,33.06,-90.75,-76.13,55.88,1.56,637,649,669,617,655,657,77
-82.87,12.81,33.12,-90.75,-76.06,55.94,1.69,636,649,669,617,655,656,78
-82.87,12.81,33.19,-90.75,-76.06,56,1.81,637,649,669,617,655,658,79
-82.94,12.81,33.19,-90.75,-76.06,56.06,1.88,638,649,669,617,655,659,80
-82.94,12.81,33.25,-90.75,-76.06,56.12,1.88,637,649,669,617,655,656,81
-82.94,12.75,33.25,-90.75,-76.06,56.12,1.88,635,649,670,617,655,654,82
-82.94,12.75,33.25,-90.75,-76.06,56.12,1.81,635,649,669,617,656,654,83
-82.94,12.75,33.25,-90.75,-76.06,56.06,1.75,636,649,669,617,655,656,84
-82.94,12.75,33.25,-90.75,-76.06,56.06,1.69,639,649,669,617,655,660,85
-82.94,12.75,33.19,-90.75,-76.06,56,1.69,639,649,669,617,655,661,86
-83,12.75,33.19,-90.75,-76.06,56,1.63,640,649,669,617,655,661,87
-83,12.75,33.19,-90.75,-76.06,55.94,1.63,641,649,669,617,655,662,88
-83,12.75,33.19,-90.75,-76.06,55.94,1.56,641,649,669,618,655,661,89
-83,12.75,33.12,-90.75,-76.06,55.94,1.56,642,649,669,617,654,663,90
-83.06,12.75,33.12,-90.75,-76.06,55.94,1.5,641,649,669,618,655,662,91
-83.06,12.75,33.06,-90.75,-76.06,55.88,1.5,642,649,668,618,655,663,92
-83.06,12.81,33.06,-90.81,-76.06,55.81,1.44,644,649,668,617,655,666,93
-83.06,12.81,33.06,-90.81,-76.06,55.81,1.44,647,649,669,617,655,671,94
-83,12.81,33.06,-90.81,-76.06,55.75,1.44,651,648,669,617,655,675,95
-82.94,12.88,33.06,-90.81,-76.06,55.75,1.44,654,649,668,617,655,677,96
-82.94,12.88,33.06,-90.81,-76.06,55.75,1.5,655,649,668,617,655,679,97
-82.87,12.88,33.12,-90.81,-76.06,55.75,1.5,659,649,669,617,655,682,98
-82.87,12.81,33.12,-90.81,-76.06,55.75,1.5,662,649,668,617,655,684,99
-82.81,12.81,33.19,-90.81,-76.06,55.81,1.5,664,648,668,616,655,686,100
-82.81,12.75,33.25,-90.75,-76.06,55.81,1.5,664,649,668,617,655,685,101
-82.75,12.75,33.25,-90.75,-76.06,55.81,1.44,663,648,668,617,655,684,102
-82.69,12.69,33.31,-90.75,-76.06,55.81,1.38,664,648,668,616,655,685,103
-82.69,12.69,33.31,-90.75,-76.06,55.81,1.38,663,649,668,616,655,682,104
-82.62,12.69,33.37,-90.75,-76.13,55.81,1.38,633,649,668,616,655,622,105
-82.62,12.63,33.37,-90.75,-76.13,55.88,1.31,620,649,667,616,655,784,106
-82.62,12.63,33.44,-90.75,-76.13,55.88,1.31,614,649,668,617,654,617,107
-82.62,12.63,33.44,-90.75,-76.13,55.88,1.31,617,665,667,616,655,618,108
-82.62,12.63,33.44,-90.75,-76.13,55.94,1.31,609,649,667,771,655,613,109
-82.69,12.63,33.44,-90.75,-76.13,55.94,1.31,607,649,667,617,655,619,110
-82.69,12.63,33.44,-90.75,-76.13,55.94,1.31,607,649,668,616,655,620,111
-82.69,12.63,33.44,-90.75,-76.13,55.88,1.31,606,649,667,617,655,641,112
-82.69,12.63,33.44,-90.75,-76.13,55.88,1.31,610,649,667,617,655,625,113
-82.69,12.63,33.37,-90.75,-76.13,55.75,1.25,605,649,668,791,655,612,114
-82.69,12.63,33.37,-90.75,-76.13,55.69,1.31,655,653,667,617,655,605,115
-82.69,12.69,33.31,-90.75,-76.19,55.56,1.31,618,649,667,617,646,611,116
-82.69,12.75,33.19,-90.75,-76.19,55.37,1.31,609,649,668,617,655,607,117
-82.69,12.81,33,-90.75,-76.19,55.19,1.31,622,649,668,618,915,608,118
-82.69,12.88,32.81,-90.81,-76.25,55,1.31,600,649,668,617,655,603,119
-82.62,12.94,32.62,-90.81,-76.25,54.81,1.31,597,649,667,617,655,609,120
-82.56,13.06,32.44,-90.87,-76.31,54.56,1.38,591,649,668,768,655,604,121
-82.5,13.31,32.25,-90.87,-76.31,54.31,1.38,587,649,668,618,656,771,122
-82.37,13.44,32.19,-90.94,-76.31,54.06,1.38,581,649,667,617,655,592,123
-82.31,13.63,32.06,-90.94,-76.31,53.69,1.31,641,649,667,618,655,567,124
-82.25,13.75,31.94,-91,-76.38,53.31,1.38,586,648,667,621,655,564,125
-82.25,14.13,31.81,-91,-76.38,52.94,1.5,573,648,868,618,655,583,126
-82.25,14.38,31.62,-91,-76.38,52.62,1.69,578,649,668,618,793,598,127
-82.19,14.5,31.44,-91,-76.38,52.19,1.88,582,648,668,619,656,603,128
-82.19,14.94,31.25,-91,-76.38,51.69,1.94,582,648,668,619,656,600,129
-82.44,15.06,30.94,-91.06,-76.38,51.12,2.19,579,648,668,623,655,595,130
-82.56,15.25,30.62,-91.12,-76.38,50.5,2.38,654,650,669,622,655,581,131
-82.62,15.75,30.31,-91.19,-76.38,49.81,2.56,605,648,669,624,757,594,132
-82.44,15.94,29.87,-91.25,-76.38,49,2.81,597,648,669,624,656,605,133
-82.25,16.44,29.44,-91.31,-76.44,48.25,3.19,596,649,670,626,860,609,134
-82.12,16.56,29,-91.44,-76.44,47.56,3.69,601,649,670,628,655,622,135
-82,16.94,28.56,-91.62,-76.44,46.94,4.31,597,649,671,629,655,611,136
-81.87,17.19,27.94,-91.81,-76.44,46.44,4.94,581,649,672,637,654,585,137
-81.75,17.25,27.31,-91.94,-76.44,45.87,5.62,562,682,673,632,652,562,138
-81.62,17.56,26.56,-92.12,-76.44,45.37,6.25,541,649,673,738,650,536,139
-81.44,17.63,25.81,-92.31,-76.38,44.87,6.94,516,650,673,632,647,502,140
-81.19,17.75,25,-92.44,-76.38,44.44,7.69,473,650,674,632,668,443,141
-80.94,17.75,24.06,-92.69,-76.38,44.06,8.56,429,650,679,631,645,394,142
-80.62,17.69,23,-92.94,-76.38,43.69,9.44,371,651,675,630,645,334,143
-80.31,17.25,21.87,-93.25,-76.38,43.37,10.25,316,651,676,648,644,266,144
-80,17.13,20.56,-93.62,-76.31,43.06,10.69,259,651,676,627,643,213,145
-79.69,16.44,19.06,-94,-76.31,42.75,12,204,652,677,624,643,137,146
-79.44,15.75,17.5,-94.5,-76.31,42.44,12.81,228,665,678,621,642,178,147
-79.19,15.38,15.63,-95.06,-76.31,42.06,13.56,192,652,678,618,644,156,148
-78.81,14.06,13.75,-95.69,-76.31,41.69,14.31,171,653,867,614,642,176,149
-78.62,13.5,11.75,-96.37,-76.31,41.25,14.69,170,653,679,610,725,168,150
-78.44,11.63,9.81,-97.25,-76.38,40.81,15.56,165,659,684,607,642,158,151
-78.31,10.25,7.94,-98.19,-76.38,40.25,15.87,162,655,680,605,642,252,152
-78.19,9.56,6.13,-99.19,-76.38,39.75,16.62,160,654,680,608,641,164,153
-78.19,7.63,4.5,-99.87,-76.44,39.25,17.12,168,908,686,605,642,176,154
-78.25,7,3.38,-100.31,-76.44,38.69,17.44,173,661,687,604,725,189,155
-78.31,5.31,2.94,-100.62,-76.44,38.19,18.25,184,659,684,604,642,211,156
-78.44,4.19,2.94,-100.62,-76.5,37.69,18.5,207,659,683,604,642,242,157
-78.56,3.62,3.5,-100.19,-76.5,37.19,19.31,200,655,680,604,641,217,158
-78.5,2,4.5,-99.31,-76.56,36.69,19.88,212,829,680,604,642,244,159
-78.56,1.44,5.88,-98.12,-76.56,36.19,20.06,222,655,678,680,641,253,160
-78.69,-0.25,7.69,-96.75,-76.63,35.69,20.75,249,842,677,604,641,270,161
-78.69,-1.31,9.81,-95.31,-76.69,35.19,20.94,254,655,676,604,709,286,162
-78.75,-1.88,12.19,-93.87,-76.69,34.69,21.63,269,660,891,604,642,313,163
-78.81,-3.38,14.88,-92.44,-76.75,34.19,22.06,292,655,674,604,899,340,164
-78.94,-3.88,17.75,-91.06,-76.88,33.63,22.25,316,655,673,604,641,369,165
-79.06,-4.88,20.81,-89.75,-76.94,33.06,22.88,436,666,683,604,641,475,166
-79.19,-6.25,24.06,-88.56,-77.06,32.44,23.06,370,660,676,604,641,361,167
-79.31,-6.69,27.5,-87.56,-77.25,31.88,23.56,336,667,677,603,641,329,168
-79.5,-7.88,31.12,-86.75,-77.44,31.25,23.81,301,661,678,625,641,289,169
-79.69,-8.25,34.75,-86.06,-77.56,31,23.94,268,660,674,604,641,265,170
-80,-8.94,38.44,-85.44,-77.69,30,24.44,252,657,674,603,691,254,171
-80.44,-9.69,42.06,-85,-77.88,29.69,24.63,249,655,673,604,640,263,172
-80.81,-9.87,44,-84.63,-78,28.5,25.19,248,660,678,604,640,420,173
-81.12,-10.19,40.94,-84.31,-78.19,27.69,25.5,279,662,681,606,641,326,174
-81.5,-10.19,37.87,-84,-78.38,27.25,25.69,382,719,680,603,641,360,175
-81.87,-10.06,35.19,-83.75,-78.63,25.88,25.94,375,658,678,659,641,416,176
-82.31,-9.81,32.87,-83.69,-78.81,25.31,26.06,395,660,679,604,641,444,177
-82.69,-9.62,31.06,-83.81,-79.13,23.88,26.38,417,653,674,604,641,474,178
-83.12,-8.88,30.12,-84.06,-79.44,22.62,26.56,427,652,673,604,641,472,179
-83.62,-8.63,30.19,-84.25,-79.75,21.94,26.63,425,688,672,604,642,472,180
-84.19,-8.19,31.12,-84.37,-80.06,19.69,26.75,440,655,675,731,643,486,181
-84.75,-7.69,32.37,-84.63,-80.5,18.87,26.75,483,693,676,604,642,488,182
-85.37,-7.19,32.81,-84.81,-80.94,17,26.13,473,655,676,604,658,502,183
-85.94,-5.5,33.5,-85.06,-81.56,14.06,25.81,479,649,671,604,643,517,184
-86.5,-5.19,34.44,-85.5,-82.31,12.94,25.5,491,648,671,604,687,536,185
-86.94,-4.63,35.44,-85.87,-83.31,9.31,24.25,514,646,669,605,648,568,186
-87.37,-4.19,36.56,-86.12,-84.44,8.06,23.63,547,652,674,606,650,609,187
-87.75,-3.81,37.5,-86.25,-86.13,5.44,21.25,577,650,673,617,651,644,188
-88,-2.06,38.19,-86.31,-88.19,2.94,19.44,619,735,672,607,652,701,189
-88.19,-1.5,38.62,-86.37,-90.5,0.69,18.37,660,653,673,626,652,742,190
-88.25,-0.56,38.87,-86.37,-93.25,-1.31,16.25,707,653,672,608,653,800,191
-88.19,0.25,39.06,-86.44,-95.94,-2.75,14.12,715,648,667,610,698,765,192
-88.12,1.12,39.25,-86.44,-97.75,-3.88,12.06,753,657,680,610,654,829,193
-88,1.69,39.37,-86.5,-98.13,-4.25,10.06,778,649,668,611,654,803,194
-87.94,2.06,39.44,-86.56,-97.94,-3.69,8.12,780,647,666,612,654,828,195
-87.87,2.37,39.5,-86.56,-97.31,-2.44,6.25,794,649,666,612,655,865,196
-87.75,2.75,39.5,-86.56,-96.06,-0.63,4.44,794,646,665,613,655,826,197
-87.62,3.25,39.44,-86.56,-94.5,1.62,2.81,767,646,667,613,655,771,198
-87.37,3.75,39.31,-86.62,-92.81,4.44,1.19,680,648,667,613,656,617,199
-87.19,4.25,39.19,-86.62,-91.06,7.62,-0.31,579,647,666,613,655,498,200
-86.94,4.62,39.06,-86.62,-89.25,11.19,-1.75,457,665,666,614,655,350,201
-86.81,5,38.87,-86.62,-87.63,14.94,-3,391,648,667,617,656,319,202
-86.62,5.44,38.62,-86.62,-85.94,18.87,-4.06,333,648,666,615,656,277,203
-86.5,5.81,38.44,-86.62,-84.25,22.81,-4.87,279,647,666,616,672,223,204
-86.37,6.19,38.19,-86.62,-82.5,26.75,-5.44,264,646,665,617,656,248,205
-86.19,6.5,37.87,-86.69,-80.69,30.69,-5.87,312,647,666,618,656,362,206
-86,6.88,37.62,-86.69,-79.31,34.5,-6.06,391,648,667,618,656,486,207
-85.81,7.12,37.25,-86.75,-78.19,38.31,-6.12,433,648,667,619,656,519,208
-85.69,7.44,36.94,-86.75,-77.56,41.94,-6.06,462,647,667,620,656,523,209
-85.5,7.75,36.56,-86.81,-77.38,45.44,-5.69,481,648,667,620,656,532,210
-85.31,8.06,36.25,-86.81,-77.31,48.69,-5.5,489,650,669,621,657,525,211
-85.25,8.37,35.81,-86.87,-77.19,51.69,-5.25,496,647,691,621,656,533,212
-85.31,8.69,35.44,-86.87,-76.94,54.37,-5,505,647,666,621,660,541,213
-85.31,8.94,35.06,-86.94,-76.44,56.5,-4.81,510,647,666,627,657,543,214
-85.37,9.31,34.69,-86.94,-76.13,58.31,-4.62,517,646,665,621,656,561,215
-85.5,9.63,34.31,-86.94,-74.94,59.63,-4.37,518,646,666,622,657,546,216
-85.56,9.94,33.87,-87,-74.44,60.5,-4.19,512,646,666,623,656,533,217
-85.75,10.31,33.37,-87,-74.38,60.75,-3.94,501,647,666,622,657,517,218
-85.81,10.69,32.87,-87.06,-74.81,60.56,-3.81,482,647,666,623,656,490,219
-85.81,11.06,32.31,-87.12,-75.69,59.88,-3.62,488,647,665,623,656,480,220
-85.94,11.44,31.69,-87.19,-76.81,58.75,-3.25,475,651,668,625,657,487,221
-86,11.88,31.12,-87.25,-78.13,57.75,-2.75,486,654,671,626,657,512,222
-86.12,12.25,30.44,-87.37,-79.63,57.38,-1.94,487,653,675,627,657,516,223
-86.31,12.63,29.62,-87.5,-80.13,57,-1.06,495,650,709,628,656,529,224
-86.5,13,28.87,-87.69,-80.13,56.5,-0.37,499,649,675,630,656,527,225
-86.75,13.25,27.94,-87.94,-80.25,56.06,0.38,501,650,675,631,655,531,226
-87.06,13.5,27,-88.19,-80.31,55.5,1,508,652,678,632,654,578,227
-87.37,13.69,26,-88.44,-80.31,54.88,1.63,519,652,677,642,651,552,228
-87.62,13.88,25,-88.69,-80.31,54.12,2.19,524,652,677,633,648,553,229
-87.87,14,23.94,-88.87,-80.38,53.37,2.81,520,653,677,632,646,538,230
-88.19,14.13,22.75,-89.06,-80.44,52.62,3.44,509,650,677,632,645,521,231
-88.37,14.13,21.56,-89.19,-80.5,51.94,4.12,493,652,678,631,644,497,232
-88.62,14.13,20.19,-89.37,-80.56,51.31,4.81,456,651,676,629,643,435,233
-88.81,14,18.81,-89.56,-80.69,50.81,5.56,395,652,677,628,644,350,234
-88.87,13.69,17.31,-89.94,-80.69,50.37,6.31,345,650,676,626,643,304,235
-88.87,13.25,15.69,-90.44,-80.75,49.87,7.06,317,661,720,624,642,288,236
-88.81,12.69,13.94,-91.06,-80.75,49.37,7.75,308,659,685,621,650,302,237
-88.81,12,12.19,-91.75,-80.75,48.81,8.37,286,655,685,618,642,273,238
-88.81,11.19,10.31,-92.44,-80.75,48.19,9,261,662,689,615,642,237,239
-88.75,10.25,8.5,-93.19,-80.69,47.87,9.62,231,656,682,612,641,208,240
-88.75,9.06,6.81,-94.06,-80.69,46.87,10.25,201,673,690,609,642,167,241
-88.81,7.81,5.19,-95.12,-80.63,46.19,10.75,179,666,692,609,641,154,242
-88.81,6.56,3.75,-96.56,-80.63,45.56,11.19,165,665,733,605,641,152,243
-88.75,5.19,2.5,-98.12,-80.56,45.25,11.56,172,671,696,605,665,175,244
-88.69,3.87,1.5,-99.81,-80.56,44.62,11.87,174,660,685,605,641,191,245
-88.5,2.69,1.13,-101.62,-80.56,43.75,12.12,193,660,686,605,642,220,246
-88.31,1.5,1.63,-103.19,-80.56,43.44,12.31,189,664,689,604,642,202,247
-88.12,0.5,2.63,-104.06,-80.56,42.81,12.37,185,661,686,604,642,201,248
-88,-0.56,4.13,-104.12,-80.56,42.19,12.44,189,659,685,605,642,211,249
-87.87,-2.13,6.19,-103.56,-80.56,41.62,12.62,199,658,695,604,641,230,250
-87.81,-2.63,8.56,-102.31,-80.56,41.25,12.94,213,658,685,605,651,250,251
-87.69,-4.06,11.38,-100.69,-80.56,40.87,13.31,225,662,760,605,642,265,252
-87.62,-4.56,14.38,-99.06,-80.56,40.62,13.69,247,661,688,606,643,290,253
-87.44,-5.81,17.63,-97.69,-80.56,40.31,14.06,266,661,688,606,643,314,254
-87.25,-6.5,21.06,-96.62,-80.56,39.94,14.25,280,660,687,606,643,327,255
-87.12,-7.13,24.5,-95.81,-80.56,39.62,14.5,300,659,686,606,643,349,256
-86.94,-7.69,27.94,-94.94,-80.56,39.19,14.69,323,662,686,606,643,374,257
-86.87,-7.94,31.37,-93.81,-80.56,38.75,14.94,344,658,685,606,644,390,258
-86.81,-8.44,34.75,-92.62,-80.56,38.38,15.25,355,657,689,607,643,400,259
-86.75,-8.63,38.12,-91.44,-80.56,37.94,15.69,355,657,683,606,643,392,260
-86.69,-8.69,41.25,-90.19,-80.56,37.56,16.12,347,656,683,607,643,369,261
-86.69,-8.69,43.44,-88.94,-80.63,37.19,16.5,329,657,683,606,643,339,262
-86.69,-8.69,41.94,-87.69,-80.63,36.75,16.87,320,660,686,606,643,338,263
-86.5,-8.63,39.62,-86.37,-80.63,36.25,17.25,331,662,688,606,643,363,264
-86.31,-8.56,37.5,-85.19,-80.63,35.75,17.62,350,661,686,606,653,395,265
-86.31,-8.63,35.75,-84,-80.63,35.25,18.06,382,659,713,606,643,443,266
-86.44,-8.63,34.44,-83.06,-80.63,34.63,18.5,416,660,685,607,654,482,267
-86.44,-8.63,33.56,-82.56,-80.63,34.06,19,440,662,685,607,643,500,268
-86.56,-8.44,33.12,-82.44,-80.69,33.44,19.44,461,665,683,607,643,506,269
-86.69,-8.19,33.12,-82.69,-80.69,32.75,19.81,459,661,683,607,643,496,270
-86.81,-7.75,33.5,-83.19,-80.75,32.06,20.25,452,662,704,607,644,480,271
-87,-7.25,34.25,-83.75,-80.81,31.25,20.81,446,669,689,607,696,470,272
-87.12,-6.94,35.25,-84.31,-80.94,30.31,21.31,445,664,683,607,645,474,273
-87.31,-5.5,36.31,-84.63,-81.06,29.25,21.81,440,661,679,608,645,465,274
-87.37,-4,36.25,-84.88,-81.19,28.06,22.19,423,657,674,604,642,442,275
-87.25,-2.63,36,-85.19,-81.38,26.75,22.38,421,667,677,604,644,447,276
-87,-2.13,36.56,-85.44,-81.69,25.38,22.5,426,654,674,607,646,461,277
-86.75,-1.94,37.44,-85.69,-81.94,23.81,22.31,446,655,670,605,647,493,278
-86.44,-1.56,38.31,-85.75,-82.19,22.12,22,480,654,676,605,680,541,279
-86,-1.06,39.19,-85.81,-82.69,20.25,21.44,524,651,672,606,649,601,280
-85.62,-0.25,39.94,-85.87,-83.31,18.25,20.63,563,647,670,606,651,637,281
-85.37,0.44,40.56,-85.87,-84.25,16.12,19.63,597,647,669,606,650,665,282
-85.19,1.12,41,-85.87,-85.38,13.81,18.25,638,650,671,606,650,700,283
-85.06,1.81,41.25,-85.87,-86.81,11.5,16.62,667,647,670,607,651,734,284
-85,2.25,41.37,-85.87,-88.38,9.19,14.81,699,647,670,607,652,743,285
-84.94,2.56,41.31,-85.87,-90.13,7,12.81,730,648,670,608,655,803,286
-84.87,2.94,41.12,-85.87,-92,5.06,10.81,776,646,668,608,653,871,287
-84.81,3.37,40.87,-85.94,-94,3.44,8.94,820,647,668,608,658,911,288
-84.69,3.81,40.62,-85.94,-96.19,2.31,7.19,825,655,675,608,654,860,289
-84.56,4.25,40.37,-85.94,-97.75,2.06,5.5,829,654,672,609,654,873,290
-84.56,4.56,40.12,-85.94,-98.81,2.75,4,825,650,670,609,654,859,291
-84.56,4.87,39.94,-86,-99.38,4,2.69,835,656,679,609,654,864,292
-84.62,4.94,39.75,-86.06,-99.19,5.81,1.63,839,648,667,609,656,882,293
-84.75,5.31,39.5,-86.06,-98.5,8.25,0.69,843,650,674,610,653,881,294
-84.94,5.56,39.19,-86.12,-97.56,11.12,-0.06,842,647,667,610,653,876,295
-85.12,5.88,38.94,-86.12,-96.63,14.44,-0.75,810,647,667,611,654,813,296
-85.31,6.31,38.62,-86.12,-95.75,17.94,-1.37,780,648,667,611,654,761,297
-85.56,6.56,38.37,-86.12,-94.75,21.69,-2,718,649,668,612,654,681,298
-85.75,7.19,38.12,-86.19,-93.56,25.44,-2.44,663,648,666,613,655,626,299
-86,7.63,37.94,-86.19,-92.13,29.13,-2.81,621,648,667,614,655,592,300
-86.19,8.06,37.69,-86.19,-90.38,32.69,-3,534,648,666,614,655,461,301
-86.37,8.37,37.37,-86.25,-88.44,36.25,-3.06,593,654,666,615,655,646,302
-86.56,8.75,37.12,-86.25,-86.25,39.62,-3,617,647,665,616,655,655,303
-86.69,9.06,36.87,-86.31,-84.13,42.81,-2.94,619,647,666,617,655,644,304
-86.81,9.44,36.56,-86.31,-82.38,45.81,-2.87,618,647,665,617,656,642,305
-86.87,9.88,36.31,-86.37,-81,48.5,-2.87,604,648,666,619,655,615,306
-86.94,10.25,36,-86.44,-79.94,50.81,-2.87,593,648,666,620,655,601,307
-87.12,10.63,35.62,-86.5,-79.38,52.69,-2.75,592,648,666,622,656,607,308
-87.37,11.06,35.25,-86.56,-79.13,54.12,-2.56,588,652,666,622,656,596,309
-87.62,11.56,34.87,-86.62,-79.13,55.12,-2.37,586,647,665,624,657,586,310
-87.87,12,34.62,-86.69,-79.25,55.81,-2,570,647,665,625,656,579,311
-87.81,12.5,33.94,-86.75,-79.5,56.19,-1.44,556,648,665,627,656,558,312
-87.75,12.69,33.62,-86.81,-79.81,56.19,-0.81,536,648,666,630,656,539,313
-87.69,13.44,32.75,-86.87,-80,55.81,-0.12,516,655,670,630,656,518,314
-87.75,13.94,32.06,-87,-80.19,55.19,0.75,502,654,673,631,656,507,315
-87.62,14.44,31.75,-87.12,-80.25,54.81,1.75,497,650,674,631,656,510,316
-87.62,14.88,30.62,-87.31,-80.31,54.44,2.56,510,652,675,631,655,532,317
-87.62,15.06,30.25,-87.5,-80.38,54.06,3.06,485,655,678,631,653,483,318
-87.75,15.44,29.06,-87.69,-80.44,53.12,3.25,446,654,675,631,649,426,319
-87.81,15.5,28.25,-87.87,-80.56,52.75,3.5,424,652,673,633,647,414,320
-87.87,15.63,27.81,-88.06,-80.63,51.75,4.06,445,651,683,629,645,477,321
-87.81,15.75,26.69,-88.19,-80.75,51.19,4.81,485,650,670,628,654,541,322
-87.75,15.94,26.25,-88.25,-80.88,50.94,5.62,519,650,677,626,643,573,323
-87.69,16.13,25.06,-88.31,-80.94,50.19,6.44,547,649,669,626,643,608,324
-87.69,16.31,24.69,-88.44,-80.94,50,7.12,546,649,670,624,643,570,325
-87.69,16.44,23.81,-88.56,-80.94,49.19,7.69,499,653,673,624,642,475,326
-87.69,16.44,22.44,-88.69,-80.94,48.87,8.19,448,652,674,623,641,415,327
-87.75,16.38,21.87,-88.94,-80.88,48.31,8.69,420,653,675,621,641,403,328
-87.75,16.19,20.25,-89.19,-80.88,47.44,9.31,400,653,675,620,638,390,329
-87.75,15.88,19.69,-89.44,-80.88,47.12,10,384,654,677,618,641,379,330
-87.81,15.44,18.44,-89.75,-80.81,46.56,10.62,375,653,676,617,640,375,331
-87.87,14.75,17.06,-90,-80.75,46.06,11.12,366,653,676,615,641,365,332
-87.94,14.38,15.5,-90.37,-80.69,45.56,11.56,339,660,683,613,641,295,333
-88,12.94,13.75,-90.87,-80.56,44.69,12.06,299,656,679,610,640,268,334
-88,11.69,11.94,-91.56,-80.5,44.44,12.56,253,656,679,608,640,214,335
-87.94,10.25,10,-92.5,-80.44,43.94,13.12,209,659,682,606,640,164,336
-87.94,8.69,8.19,-93.62,-80.38,43.5,13.62,178,666,689,604,640,138,337
-87.87,7.88,6.44,-94.87,-80.31,43.06,14.12,150,669,686,603,640,115,338
-87.81,5.25,4.94,-96.31,-80.31,42.69,14.5,148,664,687,629,640,137,339
-87.81,3.56,3.69,-97.44,-80.31,42.31,14.69,136,657,682,603,641,121,340
-87.81,2.06,2.5,-97.56,-80.31,41.94,15.31,137,658,682,604,651,136,341
-87.81,0.81,1.88,-96.94,-80.31,41.5,15.69,149,657,682,603,641,166,342
-87.75,-0.38,1.94,-95.94,-80.31,41.12,15.94,162,657,680,604,640,190,343
-87.69,-1.38,2.63,-94.75,-80.31,40.69,16.5,186,662,684,604,640,223,344
-87.56,-2.31,3.88,-93.69,-80.31,40.25,16.69,211,669,684,604,640,231,345
-87.44,-3.19,5.69,-92.81,-80.31,39.81,17.31,208,662,684,605,641,233,346
-87.31,-3.94,8.06,-92.44,-80.38,39.5,17.69,210,661,718,603,640,237,347
-87.19,-4.63,10.88,-92.37,-80.38,39.12,18.06,216,662,683,604,642,246,348
-87,-5.19,13.94,-92.31,-80.38,38.81,18.44,234,668,690,604,641,283,349
-86.81,-5.69,17.19,-92.19,-80.44,38.5,18.63,251,664,685,604,641,339,350
-86.62,-6.13,20.62,-91.87,-80.44,38.13,19.12,266,663,685,611,641,312,351
-86.5,-6.44,24.19,-91.44,-80.44,37.75,19.44,304,663,684,604,641,319,352
-86.44,-6.75,27.75,-90.69,-80.5,37.38,19.63,298,661,681,604,641,331,353
-86.44,-7,31.25,-89.69,-80.5,36.88,20,292,660,679,604,641,315,354
-86.37,-7.25,34.69,-88.62,-80.5,36.38,20.12,243,659,678,604,641,226,355
-86.37,-7.38,38.06,-87.69,-80.56,35.81,20.63,195,659,683,604,640,166,356
-86.37,-7.38,41.19,-86.81,-80.56,35.19,20.88,169,659,676,604,640,161,357
-86.44,-7.38,43.12,-86.12,-80.63,34.56,21.06,171,659,676,610,641,181,358
-86.5,-7.25,41.69,-85.5,-80.63,33.94,21.37,245,657,673,604,641,225,359
-86.62,-7.13,39.37,-84.94,-80.69,33.19,21.5,253,662,678,603,641,291,360
-86.69,-6.94,37.19,-84.25,-80.75,32.44,21.81,297,664,681,604,640,363,361
-86.75,-6.88,35.44,-83.56,-80.81,31.69,22,369,662,678,604,641,430,362
-86.81,-6.81,34.06,-83.06,-80.88,30.88,22.13,402,663,706,604,640,491,363
-86.94,-6.63,33.12,-83,-81,30.06,22.38,444,655,673,603,641,548,364
-87.06,-6.38,32.69,-83.19,-81.13,29.13,22.44,468,659,679,603,641,532,365
-87.19,-6.13,32.75,-83.75,-81.31,28.19,22.69,474,655,674,604,641,531,366
-87.31,-5.75,33.31,-84.37,-81.56,27.19,22.75,475,651,672,605,641,516,367
-87.56,-5.19,34.25,-84.56,-81.81,26.13,22.94,472,648,673,604,642,505,368
-87.87,-4.38,35.5,-84.12,-82.06,25,23.19,458,648,669,604,650,480,369
-88.19,-3.19,35.81,-84.25,-82.31,23.75,23.25,435,650,673,604,641,450,370
-88.31,-2.38,35.81,-84.69,-82.56,22.37,23.31,412,650,671,605,649,425,371
-88.44,-2,36.19,-85.56,-82.88,20.94,23.25,430,656,677,606,647,473,372
-88.37,-1.81,36.69,-86,-83.25,19.44,23.13,470,659,674,605,648,539,373
-88.06,-1.88,38.19,-86,-83.63,17.75,22.75,522,654,676,644,649,607,374
-87.75,-1.69,39.19,-86,-84.13,16,22.19,566,651,673,606,650,646,375
-87.56,-1.31,40.06,-86.06,-85,14.19,21.44,580,653,675,607,653,633,376
-87.5,-0.75,40.81,-86.06,-86.13,12.25,20.44,592,647,669,616,651,641,377
-87.44,-0.44,41.19,-86.06,-87.25,10.19,19.25,603,650,672,608,651,638,378
-87.37,0.75,41.44,-86,-88.75,8.12,17.87,615,650,672,609,650,662,379
-87.31,1.62,41.37,-86,-90.56,7.12,16.37,637,649,671,610,653,690,380
-87.25,2.44,41.25,-86,-92.31,4.19,14.69,657,651,672,610,654,714,381
-87.12,3,41,-86.06,-94.44,2.5,12.94,683,648,668,610,654,747,382
-86.94,3.69,40.69,-86.12,-96.19,1.06,11.19,739,649,667,611,654,832,383
-86.81,4.37,40.37,-86.12,-96.5,0,9.5,781,648,666,611,654,867,384
-86.69,5,40.12,-86.19,-95.69,-0.31,7.94,829,649,666,611,654,908,385
-86.56,5.44,39.87,-86.19,-94.69,-0.19,6.44,829,647,665,611,654,874,386
-86.5,5.75,39.69,-86.25,-94.19,0.87,5,820,648,667,612,654,853,387
-86.5,6.12,39.44,-86.25,-93.94,2.56,3.56,802,647,665,612,654,819,388
-86.62,6.5,39.12,-86.31,-93.38,4.81,2.19,779,647,669,613,654,789,389
-86.69,6.94,38.81,-86.37,-92.44,6.12,0.88,754,649,668,614,654,767,390
-86.69,7.31,38.5,-86.44,-90.94,10.5,-0.37,730,647,665,615,654,733,391
-86.75,7.63,38.19,-86.5,-89.13,12.06,-1.44,724,646,665,613,654,716,392
-86.81,8,37.87,-86.5,-87.25,15.44,-2.31,738,647,665,613,654,778,393
-86.87,8.37,37.56,-86.5,-85.5,20.75,-3.06,785,647,665,613,654,864,394
-87,8.75,37.25,-86.56,-84,22.62,-3.62,789,646,665,613,655,826,395
-87.12,9.13,36.94,-86.56,-82.81,26.44,-4.06,754,646,669,613,654,754,396
-87.25,9.56,36.62,-86.56,-81.69,30.25,-4.37,720,646,665,613,654,720,397
-87.37,10,36.25,-86.56,-80.88,34.06,-4.5,689,649,668,613,655,675,398
-87.5,10.44,35.81,-86.62,-80.44,37.94,-4.56,651,647,665,613,655,628,399
-87.62,10.88,35.44,-86.62,-80.44,41.69,-4.56,611,646,665,614,654,586,400
-87.75,11.31,35.06,-86.62,-80.69,45.37,-4.37,602,647,670,615,655,601,401
-87.87,11.81,34.62,-86.62,-81.06,48.87,-4.06,593,650,668,616,660,597,402
-88,12.38,34.19,-86.62,-81.31,52,-3.56,602,649,667,618,655,625,403
-88.12,12.88,33.69,-86.69,-81.06,54.69,-3,616,648,667,620,655,643,404
-88.25,13.44,33.12,-86.69,-80.31,56.69,-2.44,625,648,666,622,655,652,405
-88.31,13.88,32.5,-86.81,-79.25,58.38,-1.81,631,646,665,625,655,659,406
-88.37,14.38,31.75,-86.87,-78.38,59.31,-1.19,627,646,663,627,655,648,407
-88.37,14.81,30.94,-87,-78.13,59.31,-0.56,603,649,667,629,655,605,408
-88.44,15.25,29.94,-87.12,-78.5,58.31,-0.12,579,652,674,631,658,581,409
-88.44,15.69,28.94,-87.12,-78.38,57.44,0.19,557,649,680,632,655,559,410
-88.5,16.13,27.87,-87.25,-78.63,56.94,0.94,544,649,672,632,654,552,411
-88.62,16.38,26.62,-87.31,-78.94,56.25,1.69,545,649,673,632,652,560,412
-88.81,16.63,25.5,-87.31,-79.06,55.06,2.06,555,652,676,631,649,574,413
-89,16.75,24.19,-87.44,-79.31,53.94,2.19,591,649,673,630,646,652,414
-89.19,16.81,22.87,-87.5,-79.38,53.06,2.31,655,653,680,628,644,735,415
-89.19,16.69,21.5,-87.81,-79.5,52.06,2.69,659,650,674,627,643,687,416
-89.19,16.56,20.06,-88.06,-79.56,51.25,3.25,644,656,684,624,642,659,417
-89.12,16.31,18.56,-88.12,-79.56,50.5,4,636,654,676,621,641,648,418
-89.06,16.06,17.06,-88.37,-79.56,49.81,4.94,566,652,674,614,641,518,419
-89,15.63,15.44,-88.44,-79.63,49.19,5.81,480,653,675,613,641,403,420
-88.94,15.13,13.69,-88.69,-79.63,48.56,6.75,380,654,676,625,640,278,421
-88.87,14.44,11.81,-89.06,-79.56,47.94,7.56,289,655,681,607,640,185,422
-88.75,13.56,9.94,-89.31,-79.56,47.19,8.25,221,656,679,605,648,133,423
-88.69,12.31,7.88,-90.31,-79.5,46.37,8.94,201,655,680,603,640,158,424
-88.62,10.81,5.88,-90.81,-79.5,45.62,9.62,192,664,686,602,640,143,425
-88.69,9.13,4,-92.56,-79.44,44.94,10.25,158,663,686,609,639,115,426
-88.69,7.19,2.38,-94.06,-79.44,44.25,10.87,147,660,683,602,639,123,427
-88.75,5.37,1.13,-94.87,-79.44,43.69,11.44,139,658,682,602,649,127,428
-88.75,3.5,0,-96.44,-79.44,43.19,12.06,168,658,681,612,640,192,429
-88.75,1.75,-0.87,-96.44,-79.44,42.81,12.62,188,682,681,603,640,214,430
-88.69,0.25,-1.25,-95.75,-79.44,42.37,13.25,193,658,682,602,640,215,431
-88.56,-1.19,-0.69,-95.12,-79.44,42,13.75,204,655,680,603,640,219,432
-88.44,-2.56,0.69,-94.5,-79.44,41.56,14.25,200,656,680,603,689,217,433
-88.31,-3.75,2.75,-93.94,-79.44,41.19,14.75,203,655,679,603,640,222,434
-88.12,-4.88,5.31,-93.56,-79.44,40.75,15.25,192,655,678,603,640,200,435
-88,-5.88,8.44,-93.5,-79.44,40.37,15.69,176,655,678,603,640,178,436
-87.62,-6.75,12.06,-93.69,-79.44,39.94,16.06,177,655,678,603,640,167,437
-87.37,-7.44,16,-93.94,-79.44,39.5,16.5,167,654,677,604,641,177,438
-87.12,-8,20.12,-94,-79.44,39.06,16.87,176,655,678,604,641,197,439
-86.94,-8.38,24.25,-93.94,-79.44,38.56,17.31,182,654,678,603,641,197,440
-86.81,-8.63,28.5,-93.56,-79.44,38.06,17.69,172,654,677,603,641,191,441
-86.69,-8.94,32.56,-92.5,-79.44,37.5,18,175,654,678,603,641,194,442
-86.62,-9.25,36.37,-91,-79.38,36.94,18.31,172,654,678,606,640,191,443
-86.62,-9.5,40,-89.44,-79.38,36.44,18.75,200,655,677,603,641,203,444
-86.69,-9.56,43.19,-87.94,-79.38,35.88,19.19,207,654,677,604,640,237,445
-86.69,-9.44,42.37,-86.56,-79.38,35.38,19.63,232,654,677,603,641,283,446
-86.69,-9.31,39.5,-85.37,-79.38,34.75,19.94,275,658,681,603,640,342,447
-86.69,-9.06,36.75,-84.31,-79.38,34.13,20.25,332,658,680,603,641,421,448
-86.69,-8.81,34.37,-83.44,-79.38,33.44,20.56,350,655,677,603,641,409,449
-86.62,-8.5,32.44,-82.75,-79.38,32.75,20.94,371,656,678,604,641,429,450
-86.62,-8.13,31,-82.31,-79.44,32.06,21.37,425,661,685,604,641,513,451
-86.62,-7.88,30.06,-82.12,-79.44,31.31,21.75,462,659,679,604,642,539,452
-86.69,-7.56,29.87,-82.25,-79.5,30.44,22.13,479,661,679,609,641,537,453
-86.81,-7.25,30.25,-82.56,-79.56,29.5,22.44,495,696,673,604,641,553,454
-86.75,-6.75,31.06,-82.75,-79.69,28.31,22.63,504,655,672,608,642,547,455
-86.87,-6.06,32.19,-82.81,-79.88,27,22.81,480,658,671,603,641,491,456
-86.87,-5.06,32.25,-83.12,-80.06,25.63,22.94,474,653,672,603,647,498,457
-86.81,-4.13,32.56,-83.19,-80.31,24.13,22.94,455,656,693,603,641,465,458
-86.75,-3.88,33.31,-83.56,-80.56,22.5,22.81,433,652,672,603,641,439,459
-86.56,-3.75,34.12,-83.88,-80.88,20.81,22.5,442,652,673,632,642,471,460
-86.37,-3.56,34.94,-84,-81.19,19.87,22,459,669,670,604,643,503,461
-86.12,-3.13,35.87,-84.12,-81.63,16.94,21.25,479,648,669,604,654,526,462
-85.94,-2.56,36.75,-84.25,-82.38,15.87,20.37,505,647,688,604,646,559,463
-85.81,-1.94,37.5,-84.44,-83.44,12.62,19.25,533,646,668,605,690,590,464
-85.75,-1.19,38.12,-84.56,-84.81,10.37,17.87,568,647,669,603,649,632,465
-85.62,-0.44,38.56,-84.69,-86.5,9.25,16.25,612,647,668,605,650,687,466
-85.56,0.37,38.87,-84.81,-88.5,5.87,14.44,663,646,668,665,651,752,467
-85.5,1.12,39,-84.94,-90.75,4.87,12.37,730,645,667,606,652,835,468
-85.44,1.75,39.06,-85,-93.25,3.06,10.12,770,646,666,605,652,846,469
-85.37,2.25,39.12,-85.06,-96.06,1.12,7.81,804,645,664,605,653,890,470
-85.37,2.62,39.25,-85.06,-98.94,0.75,5.5,857,646,664,606,653,951,471
-85.31,3,39.37,-85.06,-101,0,3.44,840,647,665,605,652,876,472
-85.31,3.31,39.5,-85.12,-100.75,-0.06,1.56,862,651,669,606,653,906,473
-85.37,3.62,39.56,-85.12,-99.13,0.25,-0.19,838,649,667,607,652,842,474
-85.37,3.81,39.62,-85.12,-97.81,1.31,-2,832,652,666,605,653,857,475
-85.5,4.06,39.62,-85.19,-97,2.75,-3.62,820,647,665,606,656,837,476
-85.56,4.37,39.56,-85.19,-96.38,6.06,-5,826,650,666,606,653,864,477
-85.62,4.75,39.44,-85.19,-96.13,7.44,-6.25,814,648,665,607,653,888,478
-85.75,5.25,39.37,-85.19,-96.06,10.31,-7.31,798,649,667,606,653,811,479
-85.81,5.69,39.31,-85.19,-95.88,13.44,-8.25,784,648,665,607,654,798,480
-85.87,6.19,39.31,-85.19,-95.63,16.87,-8.94,767,647,665,609,654,775,481
-86.06,6.63,39.25,-85.12,-95.13,20.44,-9.44,735,652,675,609,654,729,482
-86.06,7.06,39.19,-85.12,-94.19,24.19,-9.69,712,648,665,610,662,711,483
-86.12,7.5,39,-85.12,-92.81,28.06,-9.69,687,647,675,611,655,683,484
-86.25,7.94,38.87,-85.12,-91.06,32.06,-9.5,649,648,667,612,655,635,485
-86.37,8.31,38.62,-85.19,-89.13,36.06,-9.12,603,648,666,614,656,571,486
-86.5,8.69,38.37,-85.19,-87.38,40.19,-8.56,556,663,666,614,656,506,487
-86.56,9.06,38.12,-85.25,-85.56,44.12,-7.87,511,647,666,616,657,475,488
-86.5,9.44,37.75,-85.31,-83.5,47.87,-7.06,502,647,668,617,656,495,489
-86.5,9.88,37.37,-85.31,-81.31,51.25,-6.19,511,659,666,618,657,525,490
-86.62,10.25,36.94,-85.37,-79.38,54.31,-5.69,510,646,665,625,657,521,491
-86.62,10.75,36.5,-85.44,-77.88,56.94,-4.37,483,693,666,621,657,464,492
-86.56,11.19,36,-85.5,-76.75,59.13,-3.56,408,647,665,622,689,349,493
-86.69,11.69,35.5,-85.56,-75.88,60.63,-2.81,325,647,665,623,657,250,494
-86.87,12.19,34.94,-85.62,-75.63,61.25,-2.19,266,648,666,624,664,208,495
-86.87,12.63,34.31,-85.69,-75.88,60.88,-1.81,241,647,664,626,657,219,496
-86.87,12.75,33.62,-85.81,-76.5,59.75,-1.62,238,648,664,628,657,238,497
-86.94,12.81,33,-85.94,-77,58.88,-1.19,227,649,669,630,657,226,498
-86.94,13.25,32.19,-86,-77.69,58.38,-0.44,210,658,670,632,657,208,499
-87,13.63,31.25,-86.12,-78.38,57.75,0.19,224,646,670,634,657,252,500
-87.12,13.94,30.31,-86.25,-79.25,57.31,0.5,252,649,672,634,656,304,501
-87.19,14.25,29.25,-86.31,-80,56.88,1.31,282,653,676,635,656,332,502
-87.31,14.5,28.12,-86.37,-80.38,55.81,1.69,321,649,672,637,653,387,503
-87.44,14.56,26.94,-86.44,-80.5,54.5,1.88,426,673,674,635,650,551,504
-87.56,14.5,25.75,-86.5,-80.63,53.56,2,437,653,676,641,647,486,505
-87.69,14.38,24.5,-86.62,-80.69,52.31,2.06,390,653,675,634,645,384,506
-87.75,14.31,23.19,-86.81,-80.75,51.19,2.5,344,656,676,633,644,321,507
-87.75,14.25,21.87,-86.94,-80.81,50.12,3.06,316,663,684,632,643,303,508
-87.75,14.13,20.5,-87.19,-80.88,49.37,3.88,289,652,675,630,644,265,509
-87.75,13.81,19,-87.44,-80.88,48.62,4.69,236,651,675,642,642,203,510
-87.81,13.44,17.38,-87.81,-80.81,47.94,5.12,170,655,680,625,642,107,511
-87.87,12.75,15.56,-88.31,-80.81,47.31,6.37,113,654,678,631,642,36,512
-87.94,11.88,13.63,-89.06,-80.75,46.69,7.19,86,653,677,617,641,31,513
-87.94,10.69,11.5,-90,-80.69,46.12,8,72,653,677,612,641,38,514
-87.94,9.25,9.44,-91.19,-80.63,45.5,8.75,65,659,683,608,641,37,515
-87.94,7.56,7.44,-92.5,-80.56,44.94,9.12,57,657,681,605,641,39,516
-87.94,5.63,5.56,-94.12,-80.5,44.44,10.19,55,663,686,603,641,37,517
-88,3.69,4,-95.94,-80.44,43.94,10.5,52,656,680,603,641,46,518
-88,1.81,2.69,-97,-80.44,43.37,11.31,54,658,682,604,641,44,519
-88.06,0.25,1.56,-97.06,-80.38,42.81,11.75,57,677,697,604,641,44,520
-88.06,-1.13,1.19,-96.62,-80.38,42.25,12,74,669,690,604,641,99,521
-88.06,-2.44,1.56,-96,-80.38,41.62,12.62,95,663,691,603,640,126,522
-88.06,-3.69,2.56,-95.12,-80.38,41.06,12.81,117,660,680,604,642,158,523
-88,-4.75,4.06,-94.19,-80.31,40.5,13.25,145,654,675,603,641,197,524
-87.94,-5.75,6.19,-93.19,-80.31,40,14,164,654,674,603,641,211,525
-87.94,-6.63,8.81,-92.31,-80.31,39.62,14.25,168,654,674,604,641,205,526
-87.87,-7.44,11.81,-91.62,-80.31,39.25,15,175,653,674,604,641,210,527
-87.81,-8.13,15.13,-91.12,-80.31,38.94,15.31,185,653,674,604,641,227,528
-87.56,-8.63,18.69,-90.75,-80.31,38.63,15.81,199,653,674,604,641,245,529
-87.31,-9.12,22.31,-90.62,-80.31,38.31,16.56,207,655,676,605,643,262,530
-87.19,-9.5,26.12,-90.56,-80.31,38.19,16.81,208,657,678,606,644,244,531
-87.12,-9.87,29.87,-90.19,-80.31,37.63,17.19,216,656,676,606,643,251,532
-87.12,-10.19,33.56,-89.37,-80.31,37.19,17.56,225,657,678,606,643,262,533
-87.12,-10.5,37.12,-88.12,-80.31,36.63,17.94,224,656,675,606,643,251,534
-87.19,-10.62,40.62,-86.81,-80.38,36.13,18.44,219,656,675,605,642,242,535
-87.25,-10.69,43.75,-85.56,-80.44,35.81,18.56,218,655,674,612,642,245,536
-87.31,-10.56,42.12,-84.37,-80.44,34.94,18.88,234,654,673,605,642,274,537
-87.31,-10.37,39.06,-83.31,-80.5,34.38,19.19,259,654,672,610,642,313,538
-87.37,-10.19,36.19,-82.44,-80.5,34.06,19.56,302,653,671,605,642,368,539
-87.19,-10.06,33.69,-81.87,-80.56,33.44,19.94,342,653,669,605,664,418,540
-87.06,-9.87,31.56,-81.75,-80.56,32.81,20.25,382,654,670,605,642,460,541
-86.94,-9.69,29.87,-82,-80.63,32.13,20.56,424,655,670,605,642,505,542
-86.87,-9.56,29.25,-82.56,-80.75,31.38,20.88,454,652,668,605,641,528,543
-86.94,-9.44,28.25,-83.31,-80.88,30.56,21.19,477,652,668,604,641,549,544
-87.06,-9.44,28.31,-84.19,-80.94,29.25,21.5,492,652,669,605,641,548,545
-87.19,-9.31,28.81,-85,-81.06,28.81,21.81,506,656,676,604,641,557,546
-87.31,-9,29.75,-85.56,-81.25,27.94,22.06,513,654,674,604,642,563,547
-87.5,-8.44,30.94,-85.56,-81.44,27,22.38,508,656,677,604,642,540,548
-87.56,-7.5,31.56,-85.62,-81.69,25.81,22.56,493,683,671,603,641,515,549
-87.56,-6.25,31.37,-85.75,-81.94,23.88,22.69,488,655,676,604,641,514,550
-87.5,-5.5,31.87,-85.81,-82.25,23.19,22.75,486,670,673,604,641,519,551
-87.44,-5.06,32.44,-86.19,-82.56,21.62,22.69,507,649,670,604,646,562,552
-87.31,-4.75,32.69,-86.37,-82.88,19.94,22.44,556,651,673,604,643,637,553
-87.19,-4.44,33.87,-86.5,-83.38,18.12,21.94,612,649,671,604,650,678,554
-86.94,-3.81,34.75,-86.56,-84.06,16.06,21.19,611,653,675,611,646,659,555
-86.81,-2.94,35.19,-86.69,-85.13,13.81,20.12,623,654,674,605,647,669,556
-86.75,-2,36.19,-86.75,-86.75,11.44,18.88,646,651,674,604,647,698,557
-86.69,-1.13,36.69,-86.81,-88.63,9,17.25,681,648,672,605,648,745,558
-86.62,-0.31,36.87,-86.87,-90.63,6.56,15.44,746,647,670,605,650,839,559
-86.62,0.31,37.25,-86.94,-92.81,4.44,13.37,784,647,669,631,650,865,560
-86.62,0.75,37.56,-87.06,-95.19,2.69,11.19,816,645,667,606,651,893,561
-86.62,1.06,37.81,-87.31,-97.69,1.37,8.94,823,647,666,606,656,882,562
-86.69,1.31,38,-87.5,-99.56,0.56,6.69,859,650,669,606,653,941,563
-86.69,1.62,38.37,-87.62,-100.06,0.19,4.5,839,653,667,606,653,851,564
-86.62,2.12,38.56,-87.69,-99.75,0.5,2.56,854,646,666,610,653,912,565
-86.62,2.69,38.81,-87.69,-99,1.69,0.75,849,648,665,606,652,882,566
-86.75,3.12,39.06,-87.69,-98.38,3.37,-0.94,829,646,665,606,653,844,567
-86.87,3.5,39.31,-87.69,-97.75,5.69,-2.5,826,646,667,606,653,851,568
-87.06,3.87,39.5,-87.75,-96.94,8.37,-3.87,833,646,665,606,652,850,569
-87.25,4.19,39.56,-87.75,-95.88,11.37,-5.12,820,646,665,611,653,846,570
-87.37,4.56,39.62,-87.75,-94.63,14.62,-6.19,837,651,665,607,653,884,571
-87.56,5,39.56,-87.75,-93.44,18,-7.12,842,646,665,607,653,879,572
-87.69,5.44,39.62,-87.75,-92.25,21.5,-7.94,835,647,665,608,654,860,573
-87.75,5.88,39.62,-87.75,-90.81,25,-8.5,793,646,665,608,654,777,574
-87.81,6.37,39.56,-87.75,-89.25,28.56,-8.87,731,646,672,609,654,693,575
-87.81,6.81,39.5,-87.75,-87.63,32.06,-9.12,711,646,665,610,654,703,576
-87.81,7.12,39.44,-87.81,-86,35.56,-9.19,669,646,666,631,655,639,577
-87.81,7.56,39.25,-87.81,-84.44,39,-9.06,628,646,665,612,655,595,578
-87.81,7.94,39,-87.87,-83.06,42.37,-8.87,613,646,665,613,655,606,579
-87.75,8.31,38.69,-87.94,-81.94,45.69,-8.62,613,646,665,614,656,624,580
-87.75,8.69,38.37,-87.94,-81.13,48.94,-8.25,618,645,665,615,656,636,581
-87.75,9.13,37.94,-88,-80.63,51.81,-7.75,623,645,665,616,656,644,582
-88,9.56,37.56,-88.06,-80.44,54.5,-7.19,618,653,665,618,656,632,583
-88.19,10,37.06,-88.12,-80.38,56.94,-6.5,602,646,665,620,656,603,584
-88.37,10.44,36.56,-88.19,-80.31,59,-5.75,558,645,665,622,656,514,585
-88.5,10.88,36,-88.31,-80.13,60.56,-4.94,482,645,665,623,656,422,586
-88.44,11.38,35.44,-88.44,-80.13,61.63,-4.06,417,645,665,625,656,358,587
-88.37,11.88,34.81,-88.56,-80.25,62,-3.31,351,645,665,627,657,290,588
-88.31,12.31,34.12,-88.69,-80.5,61.69,-2.62,281,645,665,632,657,214,589
-88.25,12.69,33.31,-88.81,-80.63,60.69,-2.12,202,661,665,631,657,115,590
-88.19,13.06,32.44,-88.87,-80.31,59.38,-1.5,135,653,671,640,657,47,591
-88.06,13.44,31.5,-89,-80.44,58.75,-0.5,112,651,673,633,656,68,592
-88,13.81,30.44,-89.12,-81.31,58.56,0.5,84,647,670,635,667,45,593
-88,14.13,29.31,-89.25,-82,58.13,1,68,649,671,635,655,44,594
-87.94,14.31,28.12,-89.31,-82.44,57.5,1.44,94,659,679,636,653,174,595
-87.94,14.38,26.87,-89.37,-82.5,56.44,1.69,163,650,673,636,650,239,596
-88,14.19,25.56,-89.5,-82.5,55.06,2,219,650,674,635,646,287,597
-88.12,13.81,24.12,-89.62,-82.5,54.19,2.44,215,653,677,634,645,238,598
-88.31,13.38,22.56,-89.87,-82.5,53.06,3,198,651,675,633,644,199,599
-88.44,12.81,20.87,-90.19,-82.56,52.12,3.81,117,652,675,631,643,38,600
-88.5,12.13,19.06,-90.56,-82.56,51.37,4.69,84,650,674,629,642,36,601
-88.56,11.31,17.06,-91.12,-82.56,50.81,5.56,75,661,675,624,642,45,602
-88.62,10.31,15,-91.87,-82.56,50.25,6.5,75,667,690,620,642,55,603
-88.69,9.06,12.81,-92.62,-82.56,49.81,7.31,87,721,682,615,641,103,604
-88.75,7.56,10.69,-93.5,-82.56,49.31,8.06,116,653,679,611,640,140,605
-88.81,5.81,8.56,-94.37,-82.5,48.75,8.69,116,652,682,607,641,127,606
-88.81,3.75,6.63,-95.25,-82.5,48.12,9.25,103,676,693,605,641,86,607
-88.81,1.75,5,-96.31,-82.5,47.44,9.81,80,659,684,604,641,55,608
-88.75,-0.06,3.75,-97.31,-82.5,46.81,10.44,80,675,691,604,641,44,609
-88.69,-1.63,2.75,-97.69,-82.5,46.25,11,102,666,691,604,641,126,610
-88.5,-2.88,2.06,-97.56,-82.5,45.62,11.56,135,670,715,604,641,183,611
-88.25,-3.94,2,-97.19,-82.56,45.06,12.06,170,661,686,604,642,227,612
-87.94,-4.75,2.81,-96.69,-82.56,44.5,12.56,192,670,693,603,641,242,613
-87.69,-5.5,4.25,-95.87,-82.56,44.19,13,209,668,690,604,641,256,614
-87.5,-6.19,6.19,-94.75,-82.56,43.5,13.5,216,662,686,604,641,256,615
-87.37,-6.88,8.75,-93.5,-82.56,43.12,13.94,218,663,686,604,641,252,616
-87.25,-7.56,11.69,-92.37,-82.56,42.69,14.37,220,665,688,604,641,255,617
-87.19,-8.13,14.94,-91.5,-82.56,42.37,14.81,228,661,684,604,641,268,618
-87.12,-8.5,18.44,-90.87,-82.56,42.12,15.19,246,667,688,604,641,291,619
-87.12,-8.81,22.06,-90.56,-82.56,41.56,15.56,261,662,685,604,641,311,620
-87.06,-9.06,25.81,-90.44,-82.56,41.31,15.87,277,658,682,604,641,331,621
-87.06,-9.31,29.62,-90.12,-82.56,40.87,16.12,301,659,683,604,642,363,622
-87.12,-9.56,33.25,-89.5,-82.5,40.37,16.37,337,667,690,604,641,402,623
-87.12,-9.75,36.69,-88.44,-82.5,39.94,16.69,317,663,681,604,641,335,624
-87.12,-9.75,40,-87.12,-82.5,39.44,17,245,659,682,606,641,205,625
-87.12,-9.69,42.94,-85.69,-82.5,38.94,17.31,175,665,687,604,641,108,626
-87.12,-9.44,42.56,-84.31,-82.5,38.44,17.62,125,663,686,604,641,73,627
-87.19,-9.19,39.81,-83.25,-82.56,37.94,17.87,109,668,697,604,641,87,628
-87.25,-8.94,37.06,-82.56,-82.56,37.44,18.19,120,662,686,604,642,119,629
-87.31,-8.69,34.5,-82.25,-82.56,36.94,18.56,132,668,689,624,641,159,630
-87.37,-8.5,32.44,-82.25,-82.56,36.38,18.94,166,663,684,604,641,227,631
-87.5,-8.38,30.81,-82.5,-82.56,35.81,19.37,213,666,687,608,640,286,632
-87.56,-8.38,29.75,-82.87,-82.56,35.25,19.75,274,659,680,604,641,372,633
-87.62,-8.44,29.37,-83.44,-82.56,34.63,20.06,341,666,685,604,664,443,634
-87.69,-8.5,29.5,-84,-82.56,33.88,20.37,397,660,680,604,640,503,635
-87.81,-8.44,30.06,-84.56,-82.56,33.13,20.69,443,663,681,604,641,559,636
-87.94,-8.25,30.94,-84.81,-82.63,32.19,21,465,655,673,613,641,539,637
-88.06,-7.81,32.19,-84.69,-82.75,31.25,21.37,479,659,675,604,642,534,638
-88.12,-7.19,33.56,-84.37,-82.94,30.19,21.63,468,656,672,604,641,502,639
-88.12,-6.25,34.12,-84.37,-83.19,29,21.88,458,651,669,603,642,489,640
-88,-5,33.81,-84.75,-83.31,27.75,22,448,657,675,604,642,473,641
-87.81,-4.31,34.06,-85.25,-83.63,26.38,22.06,431,654,674,609,645,452,642
-87.62,-3.94,34.5,-85.75,-83.81,24.94,22.06,466,663,685,605,646,526,643
-87.44,-3.69,35.44,-85.81,-84,23.5,21.94,493,663,679,650,647,550,644
-87.12,-3.5,36.62,-85.81,-84.5,21.94,21.56,522,650,677,606,648,590,645
-86.81,-2.94,37.44,-85.81,-84.81,20.31,21,562,652,674,606,655,638,646
-86.62,-2.19,38.25,-85.75,-85.63,18.5,20.31,592,651,673,612,650,659,647
-86.56,-1.31,38.94,-85.75,-86.63,16.5,19.37,619,647,672,606,650,685,648
-86.62,-0.44,39.37,-85.69,-88.06,14.31,18.12,648,647,670,610,650,712,649
-86.62,0.56,39.62,-85.62,-90.63,12.12,16.62,681,650,682,607,651,749,650
-86.69,1.44,39.81,-85.62,-91.63,9.94,14.87,734,650,672,608,654,825,651
-86.69,2.12,40,-85.62,-93.75,7.87,13.06,781,652,673,609,653,870,652
-86.69,2.69,40.12,-85.62,-96,6.06,11.12,805,673,668,609,654,885,653
-86.62,3.12,40.31,-85.69,-98.13,4.37,9.12,816,648,668,615,655,869,654
-86.5,3.5,40.5,-85.69,-99.25,3.12,7.31,837,648,666,611,655,902,655
-86.37,3.94,40.62,-85.75,-99,2.37,5.69,871,646,666,612,662,910,656
-86.19,4.37,40.69,-85.81,-98.31,2.5,4.06,847,646,666,612,655,876,657
-86.12,4.75,40.69,-85.81,-97.75,3.25,2.56,859,646,665,612,655,913,658
-86.06,5.12,40.69,-85.87,-97.19,4.5,1.13,834,646,665,613,655,857,659
-86,5.5,40.62,-85.87,-96.75,6.31,-0.25,834,646,664,613,655,870,660
-86.06,5.88,40.5,-85.94,-96.63,8.56,-1.56,824,646,665,614,655,846,661
-86.12,6.25,40.31,-85.94,-96.81,11.25,-2.81,804,646,664,614,655,812,662
-86.12,6.56,40.12,-86,-97.38,14.25,-3.94,770,646,664,615,660,766,663
-86.19,7,39.94,-86,-98.13,17.5,-4.94,795,646,664,616,656,853,664
-86.19,7.44,39.69,-86.06,-98.75,20.87,-5.75,822,646,664,617,656,845,665
-86.19,7.94,39.37,-86.06,-98.94,24.31,-6.37,778,646,664,645,656,769,666
-86.19,8.31,39.12,-86.06,-98.5,27.81,-6.87,770,646,664,619,656,784,667
-86.19,8.69,38.75,-86.12,-97.31,31.19,-7.31,777,646,665,620,717,808,668
-86.25,9,38.37,-86.12,-95.56,34.5,-7.69,773,646,664,621,657,797,669
-86.31,9.38,38,-86.19,-93.19,37.81,-7.87,768,646,665,621,657,839,670
-86.31,9.69,37.56,-86.25,-90.63,41.12,-8,744,646,665,673,656,742,671
-86.37,10.06,37.12,-86.25,-88.19,44.44,-8,691,646,665,622,656,663,672
-86.44,10.44,36.75,-86.31,-86.06,47.56,-7.94,625,645,664,622,656,570,673
-86.62,10.81,36.25,-86.31,-84.5,50.5,-7.69,573,646,665,622,656,526,674
-86.81,11.19,35.69,-86.37,-83.31,53.19,-7.37,544,646,665,623,656,518,675
-86.94,11.56,35.25,-86.37,-82.44,55.56,-7,502,646,665,623,656,466,676
-87.06,12,34.75,-86.44,-81.56,57.63,-6.44,525,646,665,624,657,550,677
-87.19,12.44,34.19,-86.5,-80.5,59.31,-5.75,529,646,665,632,656,547,678
-87.31,12.88,33.62,-86.62,-79.31,60.69,-5,530,646,690,627,656,548,679
-87.37,13.31,32.87,-86.69,-78.25,61.5,-4.31,528,646,665,630,669,544,680
-87.37,13.81,32.12,-86.81,-77.75,61.88,-3.62,515,646,665,632,657,532,681
-87.37,14.25,31.31,-86.94,-77.75,61.56,-2.94,484,647,664,633,678,477,682
-87.31,14.69,30.44,-87.12,-78.19,60.69,-2.25,440,646,667,634,656,415,683
-87.25,15.13,29.44,-87.25,-78.81,60.13,-1.37,404,646,670,635,655,383,684
-87.25,15.38,28.31,-87.44,-79.38,59.88,-0.37,340,647,672,636,663,291,685
-87.25,15.56,27.12,-87.62,-79.81,59.44,0.44,195,648,672,637,652,47,686
-87.25,15.69,25.75,-87.75,-80.19,58.56,1.06,136,653,676,637,673,45,687
-87.31,15.63,24.31,-87.94,-80.31,57.38,1.38,112,650,675,636,646,57,688
-87.44,15.38,22.75,-88.19,-80.44,56.88,1.75,113,654,676,635,644,92,689
-87.69,14.88,21.06,-88.56,-80.5,55.37,2.25,90,652,677,641,644,49,690
-87.87,14.31,19.31,-89.12,-80.5,54.37,2.94,76,653,678,631,643,46,691
-88,13.63,17.44,-89.87,-80.5,53.94,3.75,67,654,679,629,643,39,692
-88.19,12.75,15.44,-90.75,-80.5,52.87,4.62,63,653,681,624,642,43,693
-88.25,11.81,13.44,-91.94,-80.44,52.5,5.44,58,654,680,621,642,39,694
-88.31,10.75,11.44,-93.37,-80.44,51.5,6.25,54,652,690,617,642,36,695
-88.37,9.63,9.38,-94.87,-80.44,50.81,6.87,54,656,682,614,654,40,696
-88.44,8.25,7.44,-96.31,-80.44,50.44,7.5,52,655,681,610,641,40,697
-88.44,6.75,5.69,-97.81,-80.44,49.56,8.06,55,654,681,607,641,53,698
-88.37,5.12,4.25,-99.37,-80.5,49.31,8.62,49,655,683,605,640,40,699
-88.31,3.44,3.19,-100.94,-80.5,48.5,9.19,45,674,699,604,641,35,700
-88.25,1.87,2.38,-102,-80.56,48.19,9.75,58,661,687,605,642,67,701
-88.06,0.5,1.75,-102.37,-80.56,47.69,10.25,83,658,693,604,641,107,702
-87.94,-0.75,1.69,-101.94,-80.63,46.94,10.75,109,654,681,604,643,148,703
-87.69,-1.94,2.38,-100.87,-80.63,46.75,10.94,130,655,681,604,640,171,704
-87.5,-2.94,3.81,-99.81,-80.63,46.12,11.69,143,654,680,604,641,187,705
-87.31,-3.94,5.81,-98.87,-80.69,45.94,12.19,149,653,679,604,641,180,706
-87.19,-4.81,8.19,-98.31,-80.69,45.5,12.69,148,652,679,604,641,173,707
-87,-5.56,11,-98.06,-80.69,45.12,13.12,161,652,679,604,642,172,708
-86.69,-6.19,14.19,-98.19,-80.69,44.69,13.31,150,652,686,604,640,179,709
-86.12,-6.75,17.69,-98.69,-80.69,44.25,13.81,162,653,680,604,642,201,710
-85.81,-7.25,21.31,-99.5,-80.69,43.75,14.12,178,653,680,609,641,221,711
-85.75,-7.75,25.12,-100.37,-80.69,43.25,14.25,193,655,681,604,641,236,712
-85.69,-8.19,28.87,-101,-80.69,42.69,14.75,217,660,686,606,641,269,713
-85.62,-8.63,32.5,-101,-80.69,42.19,14.94,245,660,736,604,640,307,714
-85.56,-9,36.06,-100.37,-80.69,41.69,15.44,279,666,690,604,642,341,715
-85.5,-9.31,39.5,-99.12,-80.69,41.19,15.81,296,673,703,604,641,353,716
-85.44,-9.56,42.81,-97.44,-80.69,40.69,15.94,290,674,698,604,641,363,717
-85.44,-9.62,43.37,-95.5,-80.69,40.19,16.37,268,664,689,604,641,283,718
-85.37,-9.56,40.5,-93.44,-80.69,39.69,16.5,261,666,689,604,640,284,719
-85.37,-9.37,37.69,-91.44,-80.69,39.12,17.06,282,658,682,604,641,329,720
-85.25,-9.25,35.12,-89.56,-80.69,38.56,17.44,326,654,679,604,640,402,721
-85.25,-9.12,33,-87.94,-80.69,38,17.69,365,662,686,604,641,436,722
-85.31,-8.94,31.25,-86.75,-80.69,37.44,18.37,397,656,680,604,641,472,723
-85.37,-8.69,30.06,-86,-80.75,36.75,18.56,444,666,687,604,640,520,724
-85.5,-8.38,29.37,-85.69,-80.75,36,19.19,475,665,688,608,641,548,725
-85.62,-8.06,29.25,-85.69,-80.75,35.13,19.56,498,681,692,604,641,562,726
-85.75,-7.75,29.69,-86,-80.81,34.19,19.69,503,659,681,604,644,555,727
-85.94,-7.31,30.5,-86.19,-80.88,33.13,20.06,511,661,690,604,642,560,728
-86.19,-6.69,31.75,-86.19,-80.94,31.94,20.19,509,659,678,604,641,549,729
-86.37,-5.75,32.75,-86,-81.19,30.56,20.44,490,665,683,604,641,508,730
-86.37,-4.31,32.5,-86.12,-81.44,29,20.37,478,656,674,604,642,492,731
-86.37,-3.25,32.94,-86.19,-81.88,27.25,20.25,423,657,676,604,642,402,732
-86.25,-2.88,33.81,-86.62,-82.25,25.25,19.69,370,653,673,604,644,343,733
-86.06,-2.69,34.62,-86.94,-82.75,23.13,19.37,360,651,672,604,648,367,734
-85.81,-2.69,35.56,-87.25,-83.38,20.69,18.44,376,649,678,605,647,415,735
-85.56,-2.38,36.75,-87.44,-84.31,18.12,16.37,406,650,671,605,649,451,736
-85.37,-1.81,37.87,-87.44,-85.81,15.44,15.5,452,650,671,613,650,524,737
-85.19,-1,38.62,-87.5,-87.75,12.87,13.56,533,654,672,606,650,639,738
-85,-0.13,39.19,-87.56,-89.81,10.37,11.56,632,649,670,610,651,767,739
-84.87,0.87,39.56,-87.56,-91.94,8.06,9.44,727,650,681,606,652,869,740
-84.69,1.81,39.75,-87.62,-94.06,6.06,7.25,795,647,668,607,653,842,741
-84.5,2.75,39.81,-87.62,-96.31,4.69,5.12,807,648,668,607,653,888,742
-84.31,3.44,39.94,-87.62,-98.44,3.69,3.13,848,649,666,607,653,939,743
-84.19,3.94,40.19,-87.62,-100.13,3.06,1.25,834,648,668,607,653,878,744
-84.06,4.25,40.44,-87.62,-101.13,3.25,-0.31,839,647,664,608,653,892,745
-84.06,4.69,40.69,-87.69,-102.13,4.37,-1.87,852,646,665,608,654,840,746
-84.12,5.12,40.87,-87.81,-102.38,6.06,-3.31,834,646,665,609,653,860,747
-84.25,5.63,40.87,-87.87,-101.56,8.25,-4.56,828,648,666,609,653,855,748
-84.37,6.06,40.75,-87.87,-100.5,10.87,-5.62,832,647,665,650,653,871,749
-84.44,6.5,40.62,-87.94,-99.56,13.94,-6.56,821,647,664,611,654,844,750
-84.44,6.88,40.44,-88,-98.81,17.19,-7.44,806,647,665,611,689,822,751
-84.56,7.25,40.12,-88,-98.25,20.75,-8.19,791,647,665,612,654,812,752
-84.62,7.63,39.69,-88,-97.75,24.44,-8.75,810,649,667,612,667,855,753
-84.75,8.06,39.44,-88.06,-97.19,28.25,-9.12,812,648,665,613,654,844,754
-84.81,8.5,39.19,-88.06,-96.56,32.25,-9.37,791,647,664,613,655,797,755
-84.94,8.88,38.87,-88.06,-95.75,36.25,-9.37,725,648,665,614,655,685,756
-85.06,9.31,38.56,-88.06,-94.69,40.25,-9.19,692,647,665,614,654,670,757
-85.12,9.69,38.12,-88.12,-93.31,44.12,-8.87,666,646,664,615,657,649,758
-85.25,10,37.69,-88.12,-91.81,46,-8.44,624,647,686,615,654,593,759
-85.31,10.38,37.31,-88.12,-90.25,51.31,-7.94,595,646,664,615,655,576,760
-85.44,10.81,36.87,-88.19,-88.56,54.44,-7.44,583,648,665,617,655,579,761
-85.56,11.31,36.5,-88.19,-86.69,55.75,-6.87,566,660,665,617,655,561,762
-85.69,11.81,36.06,-88.19,-84.63,59.38,-6.31,552,647,665,620,655,547,763
-85.81,12.31,35.56,-88.25,-82.69,60.25,-5.81,577,647,665,619,655,589,764
-85.94,12.81,35,-88.25,-81.44,61.69,-5.37,600,647,665,620,655,644,765
-86,13.13,34.37,-88.31,-81,62.25,-5.19,596,648,665,621,655,616,766
-86.06,13.63,33.69,-88.37,-80.94,61.88,-5.12,588,647,665,623,656,600,767
-86.12,14.06,32.87,-88.37,-81.13,60.69,-5.12,512,648,666,623,655,462,768
-86.06,14.44,32.06,-88.5,-81.13,59.19,-4.75,430,646,667,625,655,367,769
-86,14.88,31.12,-88.62,-80.81,58.5,-3.75,378,647,670,631,655,332,770
-85.94,15.25,30.06,-88.81,-80.94,54.94,-2.62,379,647,673,629,654,332,771
-85.87,15.56,28.94,-89,-80.94,54.94,-1.94,375,647,674,630,651,386,772
-85.87,15.75,27.69,-89.25,-81.38,54.94,-1.56,366,648,676,633,652,371,773
-85.87,15.81,26.31,-89.44,-81.56,54.94,-1.25,396,617,676,631,649,436,774
-85.87,15.63,24.87,-89.69,-81.81,54.94,-0.87,383,648,676,631,646,391,775
-85.94,15.38,23.37,-89.94,-81.81,54.94,-0.37,327,682,677,630,645,293,776
-86,15,21.75,-90.31,-81.88,54.94,0.31,243,647,676,677,644,168,777
-86,14.56,20.06,-90.75,-81.88,54.94,1.06,171,649,678,626,644,75,778
-86,13.88,18.19,-91.25,-81.94,52.06,1.88,116,648,677,623,669,35,779
-86.06,13,16.25,-91.94,-81.94,51.44,2.69,90,647,677,620,643,35,780
-86.19,12,14.19,-92.81,-81.94,50.94,3.5,76,649,678,617,641,38,781
-86.5,10.81,12.19,-94,-81.94,50.44,4.31,71,649,678,614,642,44,782
-86.75,9.31,10.06,-95.37,-81.94,49.94,5.06,67,649,679,610,641,44,783
-86.94,7.63,8.06,-96.87,-82,49.37,5.69,67,649,679,607,642,51,784
-87.12,5.81,6.25,-98.37,-82.25,48.87,6.25,72,651,680,605,641,64,785
-87.19,3.94,5.44,-100,-82.44,48.44,6.62,88,653,682,604,640,96,786
-87.25,2.12,3.56,-101.75,-82.63,47.94,6.87,66,650,718,603,640,46,787
-87.19,0.37,2.81,-103.56,-82.75,47.37,7.19,68,653,682,603,645,70,788
-87.12,-1.13,2.38,-105.19,-82.75,46.69,7.44,152,653,682,604,640,246,789
-87.06,-2.38,1.94,-105.19,-82.81,46.06,7.81,208,655,684,603,641,290,790
-87,-3.38,1.69,-103,-82.94,45.44,8.19,199,663,691,604,642,222,791
-86.87,-4.31,2.06,-100.06,-82.94,44.87,8.56,184,664,692,604,641,198,792
-86.75,-5.25,3.31,-97.25,-83,44.37,9,193,658,687,604,641,225,793
-86.56,-6.13,5.06,-95,-83.06,43.94,9.44,197,653,685,603,640,230,794
-86.5,-6.94,7.13,-93.12,-83.06,43.62,9.87,203,671,697,604,641,226,795
-86.5,-7.75,9.5,-91.69,-83.06,43.25,10.37,190,656,684,607,641,208,796
-86.44,-8.5,12.19,-90.81,-83.13,42.94,10.87,177,680,689,604,641,186,797
-86.44,-9.19,15.19,-90.87,-83.13,42.62,11.31,165,655,683,605,641,178,798
-86.44,-9.75,18.5,-91.19,-83.13,42.25,11.75,166,655,692,604,641,190,799
-86.31,-10.19,22,-91.75,-83.06,41.81,12.12,181,654,682,604,640,213,800
-86.31,-10.5,23.75,-92,-83.06,41.31,12.56,196,654,767,604,641,245,801
-86.31,-10.75,27.31,-91.25,-83.06,40.81,13,221,654,682,604,641,276,802
-86.37,-11,30.62,-90.25,-83,40.31,13.37,248,655,682,605,642,305,803
-86.37,-11.25,35.37,-89.75,-83,39.87,13.81,269,655,681,604,641,328,804
-86.31,-11.5,36.87,-88.25,-83,39.44,14.19,291,655,683,605,641,346,805
-86.31,-11.62,39.62,-87.44,-83.06,39,14.62,314,664,682,604,641,371,806
-86.31,-11.69,41.81,-86.69,-83.06,38.56,15.12,337,657,683,604,643,397,807
-86.37,-11.69,42.19,-86,-83.06,38.13,15.62,366,655,717,604,641,433,808
-86.37,-11.56,39.62,-85.31,-83.06,37.56,16.12,391,655,681,604,641,454,809
-86.44,-11.5,38.69,-84.69,-83.06,37,16.69,394,655,680,605,641,436,810
-86.44,-11.5,36.87,-84.12,-83.06,36.38,17.19,384,659,681,604,641,412,811
-86.44,-11.56,35.31,-83.56,-83.06,35.75,17.69,370,659,683,604,641,389,812
-86.37,-11.44,33.94,-83.12,-83.13,35.13,18.19,361,660,713,604,641,384,813
-86.44,-11.06,32.06,-82.94,-83.13,34.44,18.69,371,658,680,604,671,412,814
-86.5,-10.56,31.5,-83,-83.13,33.75,19.25,399,656,677,604,642,457,815
-86.62,-10,30.62,-83.31,-83.19,33.06,19.88,423,659,680,605,642,481,816
-86.56,-9.37,30.06,-83.94,-83.19,32.25,20.37,442,656,676,605,642,500,817
-86.44,-8.75,29.87,-84.56,-83.25,31.44,20.94,464,661,675,604,642,520,818
-86.31,-8,30.44,-84.88,-83.31,30.44,21.44,480,659,676,604,642,532,819
-86.37,-7.19,30.87,-85,-83.44,29.31,21.81,480,665,681,604,642,516,820
-86.37,-6.31,31.37,-85.06,-83.63,28.13,22.06,483,654,672,604,707,523,821
-86.25,-5.75,31.81,-85.19,-83.81,26.81,22.25,478,651,671,604,642,509,822
-86.19,-5.63,32.62,-85.62,-84,25.44,22.38,462,650,671,604,642,482,823
-86.06,-5.56,34.31,-86,-84.19,24.06,22.44,439,648,669,603,642,449,824
-85.94,-5.31,34.87,-86.25,-84.44,22.62,22.44,460,647,669,604,644,433,825
-85.75,-5,35.94,-86.56,-84.75,21.19,22.38,436,647,669,605,647,447,826
-85.62,-4.44,36.94,-86.81,-85.19,19.62,22.19,442,646,669,606,649,474,827
-85.56,-3.69,37.81,-86.87,-85.75,18,21.88,450,646,669,607,652,493,828
-85.44,-2.75,38.87,-86.87,-86.5,16.25,21.31,473,646,670,607,652,524,829
-85.37,-1.75,39.12,-86.81,-87.5,14.5,20.56,507,655,670,608,653,571,830
-85.31,-0.75,39.5,-86.75,-88.69,12.62,19.69,542,646,670,611,653,609,831
-85.31,0.19,39.81,-86.69,-90.06,10.75,18.56,575,650,670,610,654,644,832
-85.31,1.12,40,-86.62,-91.69,8.94,17.19,617,646,669,612,655,697,833
-85.31,1.94,40.25,-86.62,-93.44,7.19,15.75,650,645,669,611,655,724,834
-85.37,2.62,40.31,-86.62,-95.13,5.56,14.19,679,646,668,612,664,750,835
-85.37,3.19,40.44,-86.62,-96.56,4.12,12.56,743,646,668,613,655,841,836
-85.37,3.69,40.5,-86.62,-97.06,3.31,11,783,646,667,613,656,877,837
-85.37,4.12,40.56,-86.69,-96.88,3.12,9.56,822,646,667,615,656,910,838
-85.31,4.62,40.56,-86.75,-96.69,3.56,8.06,823,650,667,614,656,876,839
-85.31,5.19,40.56,-86.75,-96.63,4.5,6.69,831,646,667,615,662,884,840
-85.44,5.75,40.5,-86.75,-96.44,6,5.31,849,646,667,616,656,867,841
-85.81,6.31,40.44,-86.75,-96.38,6.94,4,850,645,666,616,659,900,842
-85.81,6.75,40.31,-86.75,-96.38,10.44,2.75,839,646,667,617,656,867,843
-85.81,7.06,40.12,-86.75,-96.31,13.19,1.63,826,646,666,617,656,860,844
-85.81,7.44,39.94,-86.75,-96.06,16.19,0.5,858,646,666,619,657,932,845
-85.81,7.81,39.75,-86.81,-95.56,17.75,-0.5,858,652,666,619,656,840,846
-85.87,8.19,39.5,-86.81,-94.75,21,-1.5,817,646,666,619,664,811,847
-85.87,8.63,39.25,-86.81,-93.75,26,-2.31,816,646,666,620,657,839,848
-85.94,9,39,-86.81,-92.75,27.69,-3.06,824,646,666,621,666,859,849
-86.19,9.31,38.81,-86.81,-91.63,31.06,-3.69,837,646,666,622,657,878,850
-86.37,9.63,38.56,-86.87,-90.38,34.44,-4.12,835,646,665,623,657,854,851
-86.5,9.88,38.25,-86.87,-89.06,37.88,-4.44,836,646,665,621,657,862,852
-86.62,10.13,38,-86.94,-87.88,41.31,-4.62,773,645,665,624,657,736,853
-86.75,10.44,37.69,-86.94,-86.75,44.69,-4.81,718,646,665,625,657,678,854
-86.75,10.81,37.37,-87,-85.75,47.94,-4.87,672,648,666,625,657,633,855
-86.69,11.13,37.12,-87,-84.56,50.94,-4.94,614,646,665,626,714,563,856
-86.69,11.5,36.75,-87.06,-83.19,53.69,-5,562,647,667,626,657,510,857
-86.69,11.88,36.37,-87.12,-81.81,55.94,-5.12,548,646,665,627,659,538,858
-86.69,12.25,36,-87.19,-80.44,57.94,-5.31,543,647,693,628,657,544,859
-86.69,12.63,35.56,-87.25,-79.25,59.69,-5.5,555,647,666,630,657,577,860
-86.69,12.94,35.12,-87.31,-78.44,61,-5.62,566,646,665,632,658,591,861
-86.69,13.25,34.56,-87.44,-78,62.06,-5.62,575,653,665,632,658,602,862
-86.69,13.56,33.94,-87.5,-78.06,62.69,-5.5,569,647,666,634,658,583,863
-86.69,13.94,33.31,-87.56,-78.44,62.94,-5.31,554,647,663,634,657,559,864
-86.69,14.13,32.62,-87.62,-79.13,62.81,-5.12,527,646,665,636,693,521,865
-86.75,14.5,31.87,-87.69,-79.88,62.25,-4.81,507,647,665,636,657,504,866
-86.81,14.88,31.12,-87.81,-80.31,61.31,-4.31,498,646,663,637,657,506,867
-86.87,15.13,30.37,-87.87,-80.31,60.44,-3.62,494,646,666,637,656,510,868
-86.81,15.19,29.5,-87.94,-80.31,60.13,-2.75,493,656,667,638,653,508,869
-86.75,15.44,28.56,-88.06,-80.69,59.63,-2.06,484,646,669,642,651,492,870
-86.75,15.69,27.62,-88.06,-81.19,59.06,-1.56,491,647,669,639,648,519,871
-86.69,15.81,26.56,-88.19,-81.56,58.25,-1.12,516,647,672,638,646,558,872
-86.62,15.94,25.5,-88.31,-81.94,57.38,-0.62,542,647,673,638,645,589,873
-86.62,15.94,24.37,-88.44,-82.25,56.44,-0.12,563,648,673,637,644,608,874
-86.69,15.94,23.25,-88.69,-82.38,55.44,0.38,567,648,693,636,643,598,875
-86.81,15.94,21.94,-89,-82.5,54.5,0.94,539,648,674,635,643,577,876
-86.94,15.88,20.62,-89.31,-82.63,53.5,1.63,479,650,675,633,642,438,877
-87.12,15.63,19.25,-89.81,-82.63,52.56,2.44,395,681,676,632,642,316,878
-87.31,15.25,17.69,-90.5,-82.63,51.69,3.25,302,651,676,636,641,206,879
-87.5,14.69,16,-91.44,-82.63,50.94,4.19,192,651,676,626,641,58,880
-87.75,13.88,14.13,-92.62,-82.56,50.25,5.06,135,651,677,623,641,39,881
-88,13,12.19,-93.87,-82.56,49.69,6,104,651,684,619,641,36,882
-88.25,11.81,10.19,-95.25,-82.56,49.12,6.81,89,652,678,616,644,39,883
-88.44,10.25,8.19,-96.75,-82.5,48.5,7.56,77,653,679,612,640,38,884
-88.56,8.5,6.25,-98.25,-82.5,47.94,8.25,68,653,680,608,641,37,885
-88.62,6.56,4.63,-100.06,-82.5,47.44,8.87,64,655,681,609,641,40,886
-88.62,4.56,3.31,-102.06,-82.56,46.94,9.19,72,654,679,604,641,73,887
-88.56,2.75,2.31,-103.56,-82.56,46.37,10.06,71,663,689,607,641,59,888
-88.5,1.19,1.63,-104.06,-82.56,45.75,10.62,95,674,696,604,640,107,889
-88.37,0,1.19,-103.5,-82.56,45.19,11.12,103,667,691,604,641,118,890
-88.25,-1,1.31,-102.31,-82.63,44.56,11.69,120,701,690,604,641,148,891
-88.06,-1.88,2.25,-100.69,-82.63,44,12,141,666,689,604,679,179,892
-87.81,-2.63,3.81,-99.06,-82.69,43.44,12.81,146,659,684,604,641,172,893
-87.62,-3.31,5.81,-97.69,-82.75,42.94,13.31,142,658,681,604,640,160,894
-87.44,-4,8.25,-96.75,-82.75,42.44,13.81,141,658,681,618,641,162,895
-87.31,-4.69,11.06,-95.94,-82.81,42,14.25,145,671,692,605,641,206,896
-87.19,-5.31,14.19,-95.19,-82.81,41.56,14.44,152,664,685,606,641,185,897
-87.12,-5.94,17.38,-94.31,-82.81,41.06,15.06,169,670,682,605,642,211,898
-87.12,-6.5,20.62,-93.19,-82.81,40.56,15.44,186,674,694,614,641,229,899
-87.12,-7,24,-91.87,-82.88,40.06,15.81,211,666,686,605,641,265,900
-87.12,-7.5,27.31,-90.25,-82.88,39.5,16.19,263,671,691,605,641,314,901
-87.19,-7.94,30.56,-88.44,-82.94,38.94,16.37,276,662,678,605,641,340,902
-87.25,-8.25,33.87,-86.81,-82.94,38.38,16.94,293,675,693,605,666,339,903
-87.25,-8.38,37.19,-85.56,-83,37.75,17.25,289,663,681,604,641,322,904
-87.31,-8.44,40.31,-84.75,-83,37.19,17.44,283,663,680,605,641,309,905
-87.37,-8.38,42.56,-84.37,-83.06,36.63,18,293,670,686,609,641,326,906
-87.37,-8.31,41.37,-84.25,-83.06,36.06,18.19,315,666,680,604,641,367,907
-87.44,-8.19,38.81,-84.31,-83.13,35.44,18.75,331,663,677,605,664,377,908
-87.5,-8.06,36.31,-84.44,-83.19,34.88,19,355,667,682,604,641,406,909
-87.44,-8,34.12,-84.56,-83.25,34.25,19.44,341,657,674,605,642,366,910
-87.25,-7.94,32.31,-84.69,-83.31,33.94,19.81,353,657,673,605,642,393,911
-87.06,-7.81,30.87,-84.75,-83.38,33.25,20.12,399,658,675,605,641,456,912
-87,-7.69,30,-84.69,-83.5,32.56,20.44,432,654,671,605,642,512,913
-87.12,-7.5,29.62,-84.44,-83.56,31.75,20.75,468,667,683,605,642,557,914
-87.25,-7.31,29.81,-84.06,-83.69,30.88,21,492,656,675,605,642,559,915
-87.31,-7.06,30.56,-83.63,-83.88,29.88,21.19,537,738,672,605,643,599,916
-87.37,-6.69,31.62,-83.06,-84.06,28.75,21.37,520,649,670,605,641,548,917
-87.37,-6.06,32.69,-82.62,-84.25,26.88,21.5,476,649,671,604,642,475,918
-87.25,-4.94,32.81,-82.62,-84.44,26.13,21.5,468,647,669,604,642,491,919
-87.06,-3.81,33.25,-82.69,-84.63,24.63,21.44,422,647,670,604,642,409,920
-86.81,-3.19,34.06,-82.87,-84.88,22.94,21.19,372,674,669,604,643,354,921
-86.56,-2.69,34.81,-82.94,-85.25,21.06,20.69,357,646,668,658,645,364,922
-86.31,-2.19,35.56,-83.12,-85.81,17.81,19.56,365,646,669,605,647,417,923
-86,-1.5,36.5,-83.31,-86.75,16.62,19,380,645,669,606,648,419,924
-85.75,-0.75,37.31,-83.5,-88.13,14.19,17.69,417,651,669,606,650,474,925
-85.5,0,38.06,-83.63,-90,11.69,16.06,480,646,669,606,657,572,926
-85.31,0.69,38.75,-83.75,-92.13,9.19,14.19,572,646,670,622,657,704,927
-85.19,1.37,39.25,-83.81,-94.63,6.94,12.12,709,645,669,608,653,887,928
-85.12,1.94,39.56,-83.88,-97.19,5,10,748,645,667,617,654,852,929
-85,2.5,39.87,-83.94,-100.19,3.44,7.87,799,646,666,608,654,909,930
-84.94,2.94,40.19,-83.94,-102.63,2.44,5.81,802,646,666,609,655,845,931
-84.81,3.44,40.5,-84,-103.5,1.94,3.94,825,647,666,610,655,897,932
-84.75,3.87,40.81,-84,-103.25,2.25,2.19,853,646,666,615,655,924,933
-84.69,4.25,41.12,-84.06,-102.63,3.31,0.69,828,646,683,611,655,856,934
-84.62,4.56,41.44,-84.06,-101.63,4.94,-0.56,823,646,666,612,667,854,935
-84.69,4.87,41.56,-84.12,-100.19,7.19,-1.5,820,646,665,613,655,841,936
-84.81,5.25,41.56,-84.12,-98.63,9.87,-2.37,802,646,665,613,655,818,937
-84.94,5.63,41.44,-84.19,-97.38,13.06,-3.25,835,646,676,613,655,900,938
-85.12,6.06,41.31,-84.19,-96.56,16.44,-4.06,812,646,665,613,655,818,939
-85.25,6.44,41.06,-84.19,-95.94,20,-4.81,803,647,666,615,656,828,940
-85.44,6.88,40.87,-84.25,-95.38,23.69,-5.5,823,686,665,614,656,845,941
-85.69,7.19,40.62,-84.25,-94.69,27.5,-6.12,807,646,665,615,719,826,942
-85.87,7.56,40.37,-84.25,-93.75,31.38,-6.56,799,646,665,616,657,819,943
-86.06,7.94,40.06,-84.25,-92.5,35.13,-6.81,790,646,665,616,658,806,944
-86.25,8.37,39.69,-84.31,-90.81,38.75,-6.87,811,646,689,618,657,857,945
-86.37,8.75,39.25,-84.37,-89.19,42.31,-6.81,826,646,665,619,718,849,946
-86.56,9.13,38.81,-84.44,-88.38,45.87,-6.56,798,646,665,621,657,798,947
-86.69,9.44,38.37,-84.5,-86.06,49.12,-6.25,816,648,665,623,657,823,948
-86.81,9.81,37.87,-84.56,-84.56,52.19,-5.87,819,646,665,627,657,845,949
-86.94,10.25,37.37,-84.63,-83.44,55,-5.5,822,648,665,626,657,839,950
-87.12,10.69,36.81,-84.75,-82.56,57.38,-5.12,811,646,665,628,677,824,951
-87.25,11.13,36.31,-84.81,-82.31,59.31,-4.69,789,646,665,630,657,788,952
-87.31,11.56,35.75,-85,-81.81,60.69,-4.19,755,646,666,632,658,741,953
-87.31,11.88,35.12,-85.12,-81.88,61.56,-3.75,697,646,666,634,657,655,954
-87.25,12.19,34.37,-85.31,-82.19,61.81,-3.31,659,646,665,636,657,638,955
-87.06,12.44,33.62,-85.44,-82.38,61.56,-2.75,613,646,665,636,657,579,956
-86.94,12.81,32.81,-85.5,-82.5,60.69,-2.12,537,647,664,637,656,473,957
-86.75,13.19,31.94,-85.56,-82,59.5,-1.37,478,646,665,641,654,423,958
-86.5,13.56,31.06,-85.56,-80.5,58.88,-0.37,410,645,667,637,651,350,959
-86.25,13.88,30.06,-85.56,-79.88,54.94,0.75,251,646,670,637,649,78,960
-86.12,14.06,29,-85.69,-80.19,54.94,1.38,163,646,676,636,647,35,961
-85.94,14.06,27.87,-85.81,-80.94,54.94,1.56,120,649,673,636,658,45,962
-85.75,14,26.56,-86.06,-81.31,54.94,1.75,148,648,676,636,644,155,963
-85.56,13.81,25.25,-86.37,-81.5,54.94,2.31,160,649,673,635,643,167,964
-85.5,13.63,23.81,-86.81,-81.56,54.94,2.88,152,649,675,637,643,140,965
-85.5,13.38,22.37,-87.31,-81.56,53.31,3.44,157,697,674,634,643,159,966
-85.56,12.94,20.81,-87.87,-81.5,52.06,3.75,137,649,674,642,642,112,967
-85.69,12.38,19.12,-88.56,-81.44,50.94,4,93,649,675,630,642,35,968
-85.75,11.69,17.38,-89.37,-81.38,50.19,4.44,74,650,677,627,641,35,969
-85.81,10.81,15.5,-90.56,-81.38,49.62,5.31,66,650,677,623,641,38,970
-85.87,9.69,13.63,-91.94,-81.31,49.12,6.31,82,650,678,618,641,38,971
-86.06,8.25,11.63,-93.44,-81.38,48.69,7.19,58,651,678,624,641,39,972
-86.25,6.69,9.75,-95.06,-81.38,48.31,7.87,55,653,680,610,641,40,973
-86.44,4.81,8.06,-96.75,-81.44,47.87,8.44,51,654,680,606,641,40,974
-86.62,2.81,6.5,-98.81,-81.5,47.37,8.81,53,661,687,605,641,44,975
-86.69,0.94,5.19,-101,-81.56,46.87,9.19,70,669,693,605,641,39,976
-86.62,-0.63,4.19,-102.37,-81.56,46.37,9.62,58,655,695,605,641,68,977
-86.56,-1.94,3.81,-102.69,-81.63,45.87,10,100,667,695,605,647,142,978
-86.37,-3,4.31,-102.19,-81.69,45.25,10.31,132,654,685,605,641,189,979
-86.19,-3.88,5.5,-101.19,-81.69,44.69,10.69,156,663,687,604,641,204,980
-86,-4.56,7.25,-99.81,-81.75,44.12,11,169,664,688,604,641,208,981
-85.87,-5.19,9.63,-98.56,-81.75,43.62,11.31,174,658,681,605,641,212,982
-85.81,-5.69,12.38,-97.56,-81.75,43.19,11.69,181,656,681,604,642,217,983
-85.75,-6.06,15.38,-96.75,-81.75,43.06,12.06,184,655,681,605,641,223,984
-85.69,-6.38,18.5,-96.25,-81.75,42.56,12.56,193,655,681,605,647,235,985
-85.69,-6.69,21.81,-96.12,-81.75,42.25,13,213,655,681,605,641,263,986
-85.75,-7.06,25.12,-96.19,-81.69,42,13.5,244,655,680,605,641,306,987
-85.81,-7.5,28.37,-95.81,-81.69,41.62,13.87,293,655,680,619,641,374,988
-85.81,-8.06,31.44,-94.87,-81.69,41.44,14.19,353,655,680,604,640,446,989
-85.81,-8.5,34.44,-93.56,-81.69,40.87,14.5,443,655,680,604,640,567,990
-85.81,-8.81,37.37,-92.12,-81.69,40.69,14.81,426,654,679,604,641,459,991
-85.81,-9,40.19,-90.69,-81.69,40.31,15.12,361,654,679,604,670,336,992
-85.87,-9.06,42.5,-89.37,-81.69,39.75,15.5,285,654,678,604,640,236,993
-85.87,-9.12,42.37,-88.25,-81.63,39.56,15.87,234,659,683,604,641,198,994
-85.94,-9.12,40.25,-87.37,-81.63,39.19,16.25,221,660,684,604,641,221,995
-85.94,-9.12,37.94,-86.62,-81.63,38.75,16.56,230,672,694,604,640,237,996
-86,-9.12,35.81,-86.06,-81.63,38,16.87,227,666,689,604,641,247,997
-86.06,-9.12,34.06,-85.69,-81.69,37.75,17.25,234,656,686,604,640,265,998
-86.12,-9.12,32.62,-85.44,-81.69,37.19,17.62,253,655,677,604,641,297,999
-86.19,-9.06,31.5,-85.5,-81.75,36.5,17.94,280,656,676,604,641,337,1000
-86.19,-8.94,30.69,-85.81,-81.81,35.75,18.25,311,655,675,604,641,371,1001
